Source,Target,Type
GACKT,緒形拳,Directed
きょん,なだぎ武,Directed
きょん,火口秀幸,Directed
きょん,西村真二,Directed
きょん,阿部サダヲ,Directed
つるの剛士,DAIGO,Directed
つるの剛士,ヒロシ,Directed
つるの剛士,マキタスポーツ,Directed
つるの剛士,上地雄輔,Directed
つるの剛士,中村守里,Directed
つるの剛士,今井竜太郎,Directed
つるの剛士,伊武雅刀,Directed
つるの剛士,内海誠子,Directed
つるの剛士,大鶴義丹,Directed
つるの剛士,斎藤工,Directed
つるの剛士,濱田龍臣,Directed
つるの剛士,片岡鶴太郎,Directed
つるの剛士,筧礼,Directed
つるの剛士,街田しおん,Directed
つるの剛士,袴田吉彦,Directed
つるの剛士,谷口布実,Directed
つるの剛士,野久保直樹,Directed
つるの剛士,黒部進,Directed
なかやまきんに君,なだぎ武,Directed
なかやまきんに君,アーノルド・シュワルツェネッガー,Directed
なかやまきんに君,バカリズム,Directed
なかやまきんに君,内藤剛志,Directed
なかやまきんに君,星田英利,Directed
なかやまきんに君,木村祐一,Directed
なかやまきんに君,松方弘樹,Directed
なかやまきんに君,板尾創路,Directed
なかやまきんに君,生瀬勝久,Directed
なかやまきんに君,藤井隆,Directed
なかやまきんに君,西川忠志,Directed
なかやまきんに君,西田敏行,Directed
なだぎ武,きょん,Directed
なだぎ武,バカリズム,Directed
なだぎ武,原田泰造,Directed
なだぎ武,星田英利,Directed
なだぎ武,火口秀幸,Directed
なだぎ武,西村真二,Directed
もう中学生,きょん,Directed
もう中学生,つるの剛士,Directed
もう中学生,ねお,Directed
もう中学生,七五三掛龍也,Directed
もう中学生,久保史緒里,Directed
もう中学生,佐々木舞香,Directed
もう中学生,佐久間大介,Directed
もう中学生,加藤史帆,Directed
もう中学生,坂井仁香,Directed
もう中学生,富田鈴花,Directed
もう中学生,小栗有以,Directed
もう中学生,小泉遥香,Directed
もう中学生,杏ジュリア,Directed
もう中学生,東ブクロ,Directed
もう中学生,横尾渉,Directed
もう中学生,河合郁人,Directed
もう中学生,浜野謙太,Directed
もう中学生,矢吹奈子,Directed
もう中学生,藤咲碧羽,Directed
もう中学生,西村真二,Directed
やす,安井南,Directed
やす,飯尾和樹,Directed
ウエンツ瑛士,ソニア (子役),Directed
ウエンツ瑛士,中居正広,Directed
ウエンツ瑛士,井ノ原快彦,Directed
ウエンツ瑛士,伊武雅刀,Directed
ウエンツ瑛士,優香,Directed
ウエンツ瑛士,原田明莉,Directed
ウエンツ瑛士,向井理,Directed
ウエンツ瑛士,和田正人,Directed
ウエンツ瑛士,堰沢結衣,Directed
ウエンツ瑛士,大泉洋,Directed
ウエンツ瑛士,山里亮太,Directed
ウエンツ瑛士,広末涼子,Directed
ウエンツ瑛士,有安杏果,Directed
ウエンツ瑛士,神田正輝,Directed
ウエンツ瑛士,稲垣芽生,Directed
ウエンツ瑛士,筧礼,Directed
ウエンツ瑛士,美村里江,Directed
ウエンツ瑛士,美輪明宏,Directed
ウエンツ瑛士,薬丸裕英,Directed
ウエンツ瑛士,谷花音,Directed
ウエンツ瑛士,赤崎月香,Directed
ウエンツ瑛士,辰巳琢郎,Directed
ウエンツ瑛士,鈴木福,Directed
ウエンツ瑛士,鎮西寿々歌,Directed
ウエンツ瑛士,長谷川純,Directed
ウエンツ瑛士,飯島緋梨,Directed
ウエンツ瑛士,香月萌衣,Directed
ウエンツ瑛士,黒川桃花,Directed
ウエンツ瑛士,黒澤美澪奈,Directed
オダギリジョー,DAIGO,Directed
オダギリジョー,のん (女優),Directed
オダギリジョー,ビートたけし,Directed
オダギリジョー,ユースケ・サンタマリア,Directed
オダギリジョー,三津谷葉子,Directed
オダギリジョー,三浦春馬,Directed
オダギリジョー,並木彩華,Directed
オダギリジョー,中川大輔 (俳優),Directed
オダギリジョー,井本彩花,Directed
オダギリジョー,今井竜太郎,Directed
オダギリジョー,仲代達矢,Directed
オダギリジョー,仲野太賀,Directed
オダギリジョー,伊礼姫奈,Directed
オダギリジョー,伊藤淳史,Directed
オダギリジョー,伊藤英明,Directed
オダギリジョー,佐藤浩市,Directed
オダギリジョー,北大路欣也,Directed
オダギリジョー,吉岡秀隆,Directed
オダギリジョー,吉川晃司,Directed
オダギリジョー,向井理,Directed
オダギリジョー,坂口憲二,Directed
オダギリジョー,夏帆,Directed
オダギリジョー,夏木陽介,Directed
オダギリジョー,大地康雄,Directed
オダギリジョー,大幡しえり,Directed
オダギリジョー,大門正明,Directed
オダギリジョー,天翔天音,Directed
オダギリジョー,妻夫木聡,Directed
オダギリジョー,宮原華音,Directed
オダギリジョー,寺田農,Directed
オダギリジョー,小貫莉奈,Directed
オダギリジョー,山本亘,Directed
オダギリジョー,山本耕史,Directed
オダギリジョー,山本陽子,Directed
オダギリジョー,峰岸徹,Directed
オダギリジョー,川口春奈,Directed
オダギリジョー,志尊淳,Directed
オダギリジョー,成宮寛貴,Directed
オダギリジョー,成田凌,Directed
オダギリジョー,斎藤工,Directed
オダギリジョー,新田真剣佑,Directed
オダギリジョー,日向亘,Directed
オダギリジョー,星野源,Directed
オダギリジョー,有村架純,Directed
オダギリジョー,本木雅弘,Directed
オダギリジョー,杉良太郎,Directed
オダギリジョー,杏 (女優),Directed
オダギリジョー,杢代和人,Directed
オダギリジョー,松平健,Directed
オダギリジョー,松方弘樹,Directed
オダギリジョー,松本若菜,Directed
オダギリジョー,松本麗世,Directed
オダギリジョー,松村雄基,Directed
オダギリジョー,松田悟志,Directed
オダギリジョー,松田翔太,Directed
オダギリジョー,松田龍平,Directed
オダギリジョー,松重豊,Directed
オダギリジョー,板尾創路,Directed
オダギリジョー,柳沢慎吾,Directed
オダギリジョー,柴咲コウ,Directed
オダギリジョー,柴田恭兵,Directed
オダギリジョー,森七菜,Directed
オダギリジョー,榎本遥菜,Directed
オダギリジョー,横浜流星,Directed
オダギリジョー,武田真治,Directed
オダギリジョー,武蔵 (格闘家),Directed
オダギリジョー,水上恒司,Directed
オダギリジョー,永山瑛太,Directed
オダギリジョー,池松壮亮,Directed
オダギリジョー,津川雅彦,Directed
オダギリジョー,清原果耶,Directed
オダギリジョー,渡哲也,Directed
オダギリジョー,渡瀬恒彦,Directed
オダギリジョー,渡辺徹 (俳優),Directed
オダギリジョー,渡辺裕之,Directed
オダギリジョー,湯江タケユキ,Directed
オダギリジョー,滝田栄,Directed
オダギリジョー,片岡鶴太郎,Directed
オダギリジョー,玉山鉄二,Directed
オダギリジョー,田中圭,Directed
オダギリジョー,田中実 (俳優),Directed
オダギリジョー,田中泯,Directed
オダギリジョー,田中邦衛,Directed
オダギリジョー,田村高廣,Directed
オダギリジョー,畑芽育,Directed
オダギリジョー,眞栄田郷敦,Directed
オダギリジョー,真木よう子,Directed
オダギリジョー,知念里奈,Directed
オダギリジョー,石丸幹二,Directed
オダギリジョー,磯村勇斗,Directed
オダギリジョー,福士蒼汰,Directed
オダギリジョー,福士誠治,Directed
オダギリジョー,福田ルミカ,Directed
オダギリジョー,稲垣吾郎,Directed
オダギリジョー,竹内涼真,Directed
オダギリジョー,竹脇無我,Directed
オダギリジョー,筒井道隆,Directed
オダギリジョー,緒形拳,Directed
オダギリジョー,船越英二,Directed
オダギリジョー,芦田愛菜,Directed
オダギリジョー,菅原文太,Directed
オダギリジョー,菅田将暉,Directed
オダギリジョー,藤巻潤,Directed
オダギリジョー,谷口布実,Directed
オダギリジョー,賀集利樹,Directed
オダギリジョー,趙珉和,Directed
オダギリジョー,近藤正臣,Directed
オダギリジョー,鈴木亮平 (俳優),Directed
オダギリジョー,鈴木福,Directed
オダギリジョー,長澤まさみ,Directed
オダギリジョー,関隼汰,Directed
オダギリジョー,陣内孝則,Directed
オダギリジョー,須賀貴匡,Directed
オダギリジョー,風間杜夫,Directed
オダギリジョー,飯尾和樹,Directed
オダギリジョー,飯島直子,Directed
オダギリジョー,高倉健,Directed
オダギリジョー,髙石あかり,Directed
オダギリジョー,鶴嶋乃愛,Directed
オダギリジョー,齋藤潤 (俳優),Directed
コウメ太夫,ヒロシ,Directed
コウメ太夫,倉科カナ,Directed
コウメ太夫,天野翔愛,Directed
コウメ太夫,成田凌,Directed
コウメ太夫,梅沢富美男,Directed
コウメ太夫,森七菜,Directed
コウメ太夫,森川莉衣,Directed
コウメ太夫,植原星空,Directed
コウメ太夫,櫻井海音,Directed
コウメ太夫,永瀬莉子,Directed
コウメ太夫,甲田まひる,Directed
コウメ太夫,眞嶋優,Directed
コウメ太夫,福松凜,Directed
コウメ太夫,花瀬琴音,Directed
サンシャイン池崎,ねお,Directed
サンシャイン池崎,バイク川崎バイク,Directed
サンシャイン池崎,マキタスポーツ,Directed
サンシャイン池崎,原田泰造,Directed
サンシャイン池崎,和田正人,Directed
サンシャイン池崎,坪倉由幸,Directed
サンシャイン池崎,大木美里亜,Directed
サンシャイン池崎,斎藤工,Directed
サンシャイン池崎,斎藤瑠希,Directed
サンシャイン池崎,杏 (女優),Directed
サンシャイン池崎,海乃美月,Directed
サンシャイン池崎,磯村勇斗,Directed
サンシャイン池崎,菅田将暉,Directed
サンシャイン池崎,近藤華,Directed
ニシダ,星野源,Directed
バイク川崎バイク,サンシャイン池崎,Directed
バイク川崎バイク,バカリズム,Directed
バイク川崎バイク,西畑大吾,Directed
バカリズム,いしだあゆみ,Directed
バカリズム,なかやまきんに君,Directed
バカリズム,なだぎ武,Directed
バカリズム,ウェス・ベントリー,Directed
バカリズム,仲代達矢,Directed
バカリズム,仲里依紗,Directed
バカリズム,仲野太賀,Directed
バカリズム,伊藤さおり,Directed
バカリズム,優香,Directed
バカリズム,八千草薫,Directed
バカリズム,北大路欣也,Directed
バカリズム,古田敦也,Directed
バカリズム,坂上忍,Directed
バカリズム,坂東玉三郎 (5代目),Directed
バカリズム,塚地武雅,Directed
バカリズム,大地真央,Directed
バカリズム,大泉洋,Directed
バカリズム,天海祐希,Directed
バカリズム,妻夫木聡,Directed
バカリズム,山本陽子,Directed
バカリズム,山里亮太,Directed
バカリズム,平幹二朗,Directed
バカリズム,明石家さんま,Directed
バカリズム,有村架純,Directed
バカリズム,有馬稲子,Directed
バカリズム,本木雅弘,Directed
バカリズム,杉良太郎,Directed
バカリズム,杏 (女優),Directed
バカリズム,松平健,Directed
バカリズム,横浜流星,Directed
バカリズム,武田真治,Directed
バカリズム,津川雅彦,Directed
バカリズム,清原果耶,Directed
バカリズム,滝沢秀明,Directed
バカリズム,滝田栄,Directed
バカリズム,片桐仁,Directed
バカリズム,生瀬勝久,Directed
バカリズム,田中圭,Directed
バカリズム,筒井道隆,Directed
バカリズム,緒形拳,Directed
バカリズム,芦田愛菜,Directed
バカリズム,菅原文太,Directed
バカリズム,西田敏行,Directed
バカリズム,鈴木亮平 (俳優),Directed
バカリズム,長澤まさみ,Directed
バカリズム,阿部サダヲ,Directed
バカリズム,風間杜夫,Directed
バカリズム,髙石あかり,Directed
バカリズム,黒柳徹子,Directed
マギー (俳優),大泉洋,Directed
ユースケ・サンタマリア,オダギリジョー,Directed
ユースケ・サンタマリア,ビートたけし,Directed
ユースケ・サンタマリア,中居正広,Directed
ユースケ・サンタマリア,仲野太賀,Directed
ユースケ・サンタマリア,佐藤浩市,Directed
ユースケ・サンタマリア,吉岡秀隆,Directed
ユースケ・サンタマリア,妻夫木聡,Directed
ユースケ・サンタマリア,山﨑賢人,Directed
ユースケ・サンタマリア,成田凌,Directed
ユースケ・サンタマリア,明石家さんま,Directed
ユースケ・サンタマリア,本木雅弘,Directed
ユースケ・サンタマリア,武田真治,Directed
ユースケ・サンタマリア,永山瑛太,Directed
ユースケ・サンタマリア,江口洋介,Directed
ユースケ・サンタマリア,池松壮亮,Directed
ユースケ・サンタマリア,津川雅彦,Directed
ユースケ・サンタマリア,渡哲也,Directed
ユースケ・サンタマリア,渡瀬恒彦,Directed
ユースケ・サンタマリア,滝沢秀明,Directed
ユースケ・サンタマリア,片岡鶴太郎,Directed
ユースケ・サンタマリア,田中圭,Directed
ユースケ・サンタマリア,田中邦衛,Directed
ユースケ・サンタマリア,田村正和,Directed
ユースケ・サンタマリア,田村高廣,Directed
ユースケ・サンタマリア,竹内涼真,Directed
ユースケ・サンタマリア,織田裕二,Directed
ユースケ・サンタマリア,舘ひろし,Directed
ユースケ・サンタマリア,草彅剛,Directed
ユースケ・サンタマリア,菅田将暉,Directed
ユースケ・サンタマリア,鈴木亮平 (俳優),Directed
ユースケ・サンタマリア,阿部サダヲ,Directed
ユースケ・サンタマリア,飯尾和樹,Directed
ユースケ・サンタマリア,飯島直子,Directed
ユースケ・サンタマリア,香取慎吾,Directed
ラウール (アイドル),七五三掛龍也,Directed
ラウール (アイドル),井ノ原快彦,Directed
ラウール (アイドル),佐久間大介,Directed
ラウール (アイドル),佐藤アツヒロ,Directed
ラウール (アイドル),八木莉可子,Directed
ラウール (アイドル),内海光司,Directed
ラウール (アイドル),冨岡健翔,Directed
ラウール (アイドル),堂本光一,Directed
ラウール (アイドル),山下幸輝 (俳優),Directed
ラウール (アイドル),川島如恵留,Directed
ラウール (アイドル),東山紀之,Directed
ラウール (アイドル),板垣瑞生,Directed
ラウール (アイドル),森七菜,Directed
ラウール (アイドル),横尾渉,Directed
ラウール (アイドル),河合郁人,Directed
ラウール (アイドル),滝沢秀明,Directed
ラウール (アイドル),猪俣周杜,Directed
ラウール (アイドル),玉森裕太,Directed
ラウール (アイドル),眞栄田郷敦,Directed
ラウール (アイドル),神尾楓珠,Directed
ラウール (アイドル),笠原桃奈,Directed
ラウール (アイドル),西畑大吾,Directed
ラウール (アイドル),長谷川純,Directed
ラウール (アイドル),阿部亮平 (アイドル),Directed
ラウール (アイドル),齋藤潤 (俳優),Directed
レイニ (俳優),上地雄輔,Directed
レイニ (俳優),加藤菜津,Directed
レイニ (俳優),原菜乃華,Directed
レイニ (俳優),山口祥行,Directed
レイニ (俳優),手塚とおる,Directed
レイニ (俳優),杉本哲太,Directed
レイニ (俳優),杏 (女優),Directed
レイニ (俳優),桜木健一,Directed
レイニ (俳優),森七菜,Directed
レイニ (俳優),牧野羽咲,Directed
レイニ (俳優),田中圭,Directed
レイニ (俳優),田牧そら,Directed
レイニ (俳優),秋谷郁甫,Directed
レイニ (俳優),菅田将暉,Directed
七五三掛龍也,きょん,Directed
七五三掛龍也,つるの剛士,Directed
七五三掛龍也,ねお,Directed
七五三掛龍也,もう中学生,Directed
七五三掛龍也,ラウール (アイドル),Directed
七五三掛龍也,久保史緒里,Directed
七五三掛龍也,井ノ原快彦,Directed
七五三掛龍也,佐々木舞香,Directed
七五三掛龍也,佐久間大介,Directed
七五三掛龍也,佐藤アツヒロ,Directed
七五三掛龍也,内海光司,Directed
七五三掛龍也,冨岡健翔,Directed
七五三掛龍也,加藤史帆,Directed
七五三掛龍也,坂井仁香,Directed
七五三掛龍也,堂本光一,Directed
七五三掛龍也,富田鈴花,Directed
七五三掛龍也,小栗有以,Directed
七五三掛龍也,小泉遥香,Directed
七五三掛龍也,川島如恵留,Directed
七五三掛龍也,杏ジュリア,Directed
七五三掛龍也,東ブクロ,Directed
七五三掛龍也,東山紀之,Directed
七五三掛龍也,横尾渉,Directed
七五三掛龍也,河合郁人,Directed
七五三掛龍也,浜野謙太,Directed
七五三掛龍也,滝沢秀明,Directed
七五三掛龍也,猪俣周杜,Directed
七五三掛龍也,玉森裕太,Directed
七五三掛龍也,矢吹奈子,Directed
七五三掛龍也,藤咲碧羽,Directed
七五三掛龍也,西村真二,Directed
七五三掛龍也,西畑大吾,Directed
七五三掛龍也,長谷川純,Directed
七五三掛龍也,阿部亮平 (アイドル),Directed
三波豊和,つるの剛士,Directed
三波豊和,中村守里,Directed
三波豊和,今井竜太郎,Directed
三波豊和,内海誠子,Directed
三波豊和,片岡鶴太郎,Directed
三波豊和,筧礼,Directed
三波豊和,街田しおん,Directed
三波豊和,谷口布実,Directed
上地雄輔,つるの剛士,Directed
上地雄輔,明石家さんま,Directed
上地雄輔,杏 (女優),Directed
上地雄輔,梅沢富美男,Directed
上地雄輔,森七菜,Directed
上地雄輔,菅田将暉,Directed
上地雄輔,野久保直樹,Directed
上島竜兵,ビートたけし,Directed
上島竜兵,優香,Directed
上島竜兵,八嶋智人,Directed
上島竜兵,志村けん,Directed
上島竜兵,植草克秀,Directed
上島竜兵,江守徹,Directed
上島竜兵,片岡鶴太郎,Directed
上島竜兵,西田敏行,Directed
下村未空,つるの剛士,Directed
下村未空,中村守里,Directed
下村未空,今井竜太郎,Directed
下村未空,内海誠子,Directed
下村未空,片岡鶴太郎,Directed
下村未空,筧礼,Directed
下村未空,街田しおん,Directed
下村未空,谷口布実,Directed
中原和宏,ヒロシ,Directed
中居正広,"Kōki,",Directed
中居正広,たなか (音楽家),Directed
中居正広,ウエンツ瑛士,Directed
中居正広,ビートたけし,Directed
中居正広,ユースケ・サンタマリア,Directed
中居正広,井ノ原快彦,Directed
中居正広,佐藤浩市,Directed
中居正広,優香,Directed
中居正広,古舘伊知郎,Directed
中居正広,吉岡秀隆,Directed
中居正広,和泉元彌,Directed
中居正広,大泉洋,Directed
中居正広,妻夫木聡,Directed
中居正広,寺尾聰,Directed
中居正広,山口馬木也,Directed
中居正広,山本耕史,Directed
中居正広,山﨑賢人,Directed
中居正広,川口春奈,Directed
中居正広,広末涼子,Directed
中居正広,明石家さんま,Directed
中居正広,有村架純,Directed
中居正広,本木雅弘,Directed
中居正広,松田龍平,Directed
中居正広,横尾渉,Directed
中居正広,永山瑛太,Directed
中居正広,江口洋介,Directed
中居正広,池松壮亮,Directed
中居正広,渡哲也,Directed
中居正広,滝沢秀明,Directed
中居正広,田中圭,Directed
中居正広,田村正和,Directed
中居正広,石原良純,Directed
中居正広,稲垣吾郎,Directed
中居正広,竹内涼真,Directed
中居正広,織田裕二,Directed
中居正広,美村里江,Directed
中居正広,舘ひろし,Directed
中居正広,草彅剛,Directed
中居正広,菅田将暉,Directed
中居正広,西田敏行,Directed
中居正広,鈴木亮平 (俳優),Directed
中居正広,鈴木福,Directed
中居正広,阿部サダヲ,Directed
中居正広,香取慎吾,Directed
中居正広,高倉健,Directed
中居正広,黒柳徹子,Directed
中田浩二 (俳優),ジェームズ・ブローリン,Directed
中田浩二 (俳優),トミー・リー・ジョーンズ,Directed
丹古母鬼馬二,八名信夫,Directed
井口大地,一条俊輝,Directed
井口大地,三宅りむ,Directed
井口大地,吉井乃歌,Directed
井口大地,和泉芳怜,Directed
井口大地,大森未来衣,Directed
井口大地,山戸穂乃葉,Directed
井口大地,岡本弥歩,Directed
井口大地,平野莉亜菜,Directed
井口大地,森日菜美,Directed
井口大地,橘春軌,Directed
井口大地,牧浦乙葵,Directed
井口大地,白河れい,Directed
井口大地,神谷天音,Directed
井口大地,羽野晶紀,Directed
井口大地,藤本もあ菜,Directed
井口大地,長澤まさみ,Directed
井口大地,馬場亮成 (俳優),Directed
井手らっきょ,ビートたけし,Directed
井手らっきょ,マキタスポーツ,Directed
亜生,広末涼子,Directed
亜生,明石家さんま,Directed
亜生,昴生,Directed
亜生,西田敏行,Directed
今井竜太郎,DAIGO,Directed
今井竜太郎,つるの剛士,Directed
今井竜太郎,オダギリジョー,Directed
今井竜太郎,三津谷葉子,Directed
今井竜太郎,並木彩華,Directed
今井竜太郎,中川大輔 (俳優),Directed
今井竜太郎,中村守里,Directed
今井竜太郎,井本彩花,Directed
今井竜太郎,伊藤英明,Directed
今井竜太郎,内海誠子,Directed
今井竜太郎,吉川晃司,Directed
今井竜太郎,大幡しえり,Directed
今井竜太郎,天翔天音,Directed
今井竜太郎,宮原華音,Directed
今井竜太郎,小貫莉奈,Directed
今井竜太郎,山本耕史,Directed
今井竜太郎,新田真剣佑,Directed
今井竜太郎,日向亘,Directed
今井竜太郎,杢代和人,Directed
今井竜太郎,松本麗世,Directed
今井竜太郎,松村雄基,Directed
今井竜太郎,松田悟志,Directed
今井竜太郎,板尾創路,Directed
今井竜太郎,榎本遥菜,Directed
今井竜太郎,武蔵 (格闘家),Directed
今井竜太郎,渡辺裕之,Directed
今井竜太郎,湯江タケユキ,Directed
今井竜太郎,片岡鶴太郎,Directed
今井竜太郎,畑芽育,Directed
今井竜太郎,知念里奈,Directed
今井竜太郎,石丸幹二,Directed
今井竜太郎,磯村勇斗,Directed
今井竜太郎,福士蒼汰,Directed
今井竜太郎,福士誠治,Directed
今井竜太郎,福田ルミカ,Directed
今井竜太郎,稲垣吾郎,Directed
今井竜太郎,竹内涼真,Directed
今井竜太郎,筧礼,Directed
今井竜太郎,菅田将暉,Directed
今井竜太郎,街田しおん,Directed
今井竜太郎,谷口布実,Directed
今井竜太郎,賀集利樹,Directed
今井竜太郎,趙珉和,Directed
今井竜太郎,鈴木福,Directed
今井竜太郎,関隼汰,Directed
今井竜太郎,陣内孝則,Directed
今井竜太郎,須賀貴匡,Directed
今井竜太郎,鶴嶋乃愛,Directed
今井雅之,なだぎ武,Directed
今井雅之,中居正広,Directed
今井雅之,坂上忍,Directed
今井雅之,塚地武雅,Directed
今井雅之,山口智充,Directed
今井雅之,松田龍平,Directed
今井雅之,梅沢富美男,Directed
今井雅之,渡辺裕之,Directed
今井雅之,田中泯,Directed
今井雅之,竹内力,Directed
今井雅之,筒井道隆,Directed
今井雅之,越山敬達,Directed
今井雅之,金山一彦,Directed
今野浩喜,伊藤さおり,Directed
今野浩喜,塚地武雅,Directed
今野浩喜,角田晃広,Directed
仲代達矢,いしだあゆみ,Directed
仲代達矢,のん (女優),Directed
仲代達矢,オダギリジョー,Directed
仲代達矢,バカリズム,Directed
仲代達矢,ビートたけし,Directed
仲代達矢,三浦春馬,Directed
仲代達矢,仲野太賀,Directed
仲代達矢,伊藤淳史,Directed
仲代達矢,伊藤英明,Directed
仲代達矢,佐藤浩市,Directed
仲代達矢,優香,Directed
仲代達矢,八千草薫,Directed
仲代達矢,北大路欣也,Directed
仲代達矢,古田敦也,Directed
仲代達矢,吉岡秀隆,Directed
仲代達矢,吉川晃司,Directed
仲代達矢,向井理,Directed
仲代達矢,和泉元彌,Directed
仲代達矢,国分太一,Directed
仲代達矢,坂口憲二,Directed
仲代達矢,坂東玉三郎 (5代目),Directed
仲代達矢,夏帆,Directed
仲代達矢,夏木陽介,Directed
仲代達矢,大地真央,Directed
仲代達矢,大泉洋,Directed
仲代達矢,大門正明,Directed
仲代達矢,天本英世,Directed
仲代達矢,天海祐希,Directed
仲代達矢,妻夫木聡,Directed
仲代達矢,寺尾聰,Directed
仲代達矢,寺田農,Directed
仲代達矢,山口馬木也,Directed
仲代達矢,山本亘,Directed
仲代達矢,山本耕史,Directed
仲代達矢,山本陽子,Directed
仲代達矢,山﨑賢人,Directed
仲代達矢,峰岸徹,Directed
仲代達矢,川口春奈,Directed
仲代達矢,平幹二朗,Directed
仲代達矢,志尊淳,Directed
仲代達矢,成宮寛貴,Directed
仲代達矢,成田凌,Directed
仲代達矢,斎藤工,Directed
仲代達矢,星野源,Directed
仲代達矢,有村架純,Directed
仲代達矢,有馬稲子,Directed
仲代達矢,本木雅弘,Directed
仲代達矢,本田博太郎,Directed
仲代達矢,杉良太郎,Directed
仲代達矢,杏 (女優),Directed
仲代達矢,東山紀之,Directed
仲代達矢,松平健,Directed
仲代達矢,松方弘樹,Directed
仲代達矢,松本若菜,Directed
仲代達矢,松田翔太,Directed
仲代達矢,松田龍平,Directed
仲代達矢,柳沢慎吾,Directed
仲代達矢,柴咲コウ,Directed
仲代達矢,柴田恭兵,Directed
仲代達矢,森七菜,Directed
仲代達矢,横浜流星,Directed
仲代達矢,武田真治,Directed
仲代達矢,水上恒司,Directed
仲代達矢,永山瑛太,Directed
仲代達矢,池松壮亮,Directed
仲代達矢,津川雅彦,Directed
仲代達矢,清原果耶,Directed
仲代達矢,渡哲也,Directed
仲代達矢,渡瀬恒彦,Directed
仲代達矢,渡辺徹 (俳優),Directed
仲代達矢,滝沢秀明,Directed
仲代達矢,滝田栄,Directed
仲代達矢,玉山鉄二,Directed
仲代達矢,田中圭,Directed
仲代達矢,田中実 (俳優),Directed
仲代達矢,田中邦衛,Directed
仲代達矢,田村高廣,Directed
仲代達矢,眞栄田郷敦,Directed
仲代達矢,真木よう子,Directed
仲代達矢,磯村勇斗,Directed
仲代達矢,福士蒼汰,Directed
仲代達矢,竹内涼真,Directed
仲代達矢,竹脇無我,Directed
仲代達矢,筒井康隆,Directed
仲代達矢,筒井道隆,Directed
仲代達矢,緒形拳,Directed
仲代達矢,織田裕二,Directed
仲代達矢,舘ひろし,Directed
仲代達矢,船越英二,Directed
仲代達矢,芦田愛菜,Directed
仲代達矢,草彅剛,Directed
仲代達矢,菅原文太,Directed
仲代達矢,菅田将暉,Directed
仲代達矢,藤巻潤,Directed
仲代達矢,西田敏行,Directed
仲代達矢,近藤正臣,Directed
仲代達矢,鈴木亮平 (俳優),Directed
仲代達矢,長澤まさみ,Directed
仲代達矢,阿部サダヲ,Directed
仲代達矢,陣内孝則,Directed
仲代達矢,風間杜夫,Directed
仲代達矢,飯島直子,Directed
仲代達矢,香取慎吾,Directed
仲代達矢,高倉健,Directed
仲代達矢,髙石あかり,Directed
仲代達矢,黒柳徹子,Directed
仲本工事,DAIGO,Directed
仲本工事,ビートたけし,Directed
仲本工事,上島竜兵,Directed
仲本工事,優香,Directed
仲本工事,大悟 (お笑い芸人),Directed
仲本工事,小松政夫,Directed
仲本工事,志村けん,Directed
仲本工事,浜田雅功,Directed
仲本工事,稲垣吾郎,Directed
仲野太賀,いしだあゆみ,Directed
仲野太賀,のん (女優),Directed
仲野太賀,イーチ,Directed
仲野太賀,オダギリジョー,Directed
仲野太賀,バカリズム,Directed
仲野太賀,ビートたけし,Directed
仲野太賀,ユースケ・サンタマリア,Directed
仲野太賀,三浦春馬,Directed
仲野太賀,中澤実子,Directed
仲野太賀,中野英雄,Directed
仲野太賀,仲代達矢,Directed
仲野太賀,仲吉玲亜,Directed
仲野太賀,仲里依紗,Directed
仲野太賀,伊崎花菜,Directed
仲野太賀,伊藤淳史,Directed
仲野太賀,伊藤英明,Directed
仲野太賀,住友沙来,Directed
仲野太賀,佐月絵美,Directed
仲野太賀,佐藤浩市,Directed
仲野太賀,優香,Directed
仲野太賀,光延ジヨウ,Directed
仲野太賀,八千草薫,Directed
仲野太賀,八神遼介,Directed
仲野太賀,冨波心,Directed
仲野太賀,出口夏希,Directed
仲野太賀,北大路欣也,Directed
仲野太賀,古田敦也,Directed
仲野太賀,吉岡秀隆,Directed
仲野太賀,吉川晃司,Directed
仲野太賀,吉田美月喜,Directed
仲野太賀,向井理,Directed
仲野太賀,和泉元彌,Directed
仲野太賀,坂井仁香,Directed
仲野太賀,坂口憲二,Directed
仲野太賀,坂東玉三郎 (5代目),Directed
仲野太賀,夏帆,Directed
仲野太賀,夏木陽介,Directed
仲野太賀,大地康雄,Directed
仲野太賀,大地真央,Directed
仲野太賀,大川泰雅,Directed
仲野太賀,大泉洋,Directed
仲野太賀,大門正明,Directed
仲野太賀,天海祐希,Directed
仲野太賀,奥森皐月,Directed
仲野太賀,妻夫木聡,Directed
仲野太賀,安藤夢叶,Directed
仲野太賀,宮迫博之,Directed
仲野太賀,寺田農,Directed
仲野太賀,小宮山莉渚,Directed
仲野太賀,小松政夫,Directed
仲野太賀,小泉遥香,Directed
仲野太賀,小高サラ,Directed
仲野太賀,山本亘,Directed
仲野太賀,山本耕史,Directed
仲野太賀,山本陽子,Directed
仲野太賀,山田杏奈,Directed
仲野太賀,山里亮太,Directed
仲野太賀,山﨑賢人,Directed
仲野太賀,峰岸徹,Directed
仲野太賀,川口春奈,Directed
仲野太賀,川島夕空,Directed
仲野太賀,市原隼人,Directed
仲野太賀,平幹二朗,Directed
仲野太賀,広末涼子,Directed
仲野太賀,志尊淳,Directed
仲野太賀,志賀李玖,Directed
仲野太賀,愛来,Directed
仲野太賀,成宮しずく,Directed
仲野太賀,成宮寛貴,Directed
仲野太賀,成田凌,Directed
仲野太賀,斎藤工,Directed
仲野太賀,星野源,Directed
仲野太賀,春本ヒロ,Directed
仲野太賀,月城かなと,Directed
仲野太賀,月島琉衣,Directed
仲野太賀,有村架純,Directed
仲野太賀,有馬稲子,Directed
仲野太賀,木竜麻生,Directed
仲野太賀,本木雅弘,Directed
仲野太賀,杉良太郎,Directed
仲野太賀,杏 (女優),Directed
仲野太賀,杏ジュリア,Directed
仲野太賀,杢代和人,Directed
仲野太賀,東山紀之,Directed
仲野太賀,松元寧音,Directed
仲野太賀,松平健,Directed
仲野太賀,松方弘樹,Directed
仲野太賀,松本若菜,Directed
仲野太賀,松田翔太,Directed
仲野太賀,松田龍平,Directed
仲野太賀,松重豊,Directed
仲野太賀,柳沢慎吾,Directed
仲野太賀,柴咲コウ,Directed
仲野太賀,柴崎楓雅,Directed
仲野太賀,柴田恭兵,Directed
仲野太賀,桜田ひより,Directed
仲野太賀,桧山ありす,Directed
仲野太賀,森七菜,Directed
仲野太賀,森田璃空,Directed
仲野太賀,森青葉,Directed
仲野太賀,椿原慧,Directed
仲野太賀,横浜流星,Directed
仲野太賀,武田創世,Directed
仲野太賀,武田真治,Directed
仲野太賀,武藤潤 (俳優),Directed
仲野太賀,武野汐那,Directed
仲野太賀,水上恒司,Directed
仲野太賀,永山瑛太,Directed
仲野太賀,池松壮亮,Directed
仲野太賀,河村花,Directed
仲野太賀,津川雅彦,Directed
仲野太賀,浜野謙太,Directed
仲野太賀,涼瀬一颯,Directed
仲野太賀,清原果耶,Directed
仲野太賀,渡哲也,Directed
仲野太賀,渡瀬恒彦,Directed
仲野太賀,渡辺徹 (俳優),Directed
仲野太賀,渡邉心結,Directed
仲野太賀,滝沢秀明,Directed
仲野太賀,滝田栄,Directed
仲野太賀,片岡鶴太郎,Directed
仲野太賀,玉山鉄二,Directed
仲野太賀,瑞城さくら,Directed
仲野太賀,田中圭,Directed
仲野太賀,田中実 (俳優),Directed
仲野太賀,田中邦衛,Directed
仲野太賀,田村高廣,Directed
仲野太賀,白宮みずほ,Directed
仲野太賀,白石るり,Directed
仲野太賀,相羽星良,Directed
仲野太賀,眞栄田郷敦,Directed
仲野太賀,真木よう子,Directed
仲野太賀,磯村勇斗,Directed
仲野太賀,神尾楓珠,Directed
仲野太賀,福士蒼汰,Directed
仲野太賀,禾本珠彩,Directed
仲野太賀,秋田汐梨,Directed
仲野太賀,稲垣吾郎,Directed
仲野太賀,竹内涼真,Directed
仲野太賀,竹脇無我,Directed
仲野太賀,竹財輝之助,Directed
仲野太賀,筒井道隆,Directed
仲野太賀,篠川桃音,Directed
仲野太賀,緒形拳,Directed
仲野太賀,織田ひまり,Directed
仲野太賀,美村里江,Directed
仲野太賀,芦田愛菜,Directed
仲野太賀,花井心桜,Directed
仲野太賀,芳賀柊斗,Directed
仲野太賀,芹沢凜,Directed
仲野太賀,菅原文太,Directed
仲野太賀,菅田将暉,Directed
仲野太賀,葉月くれあ,Directed
仲野太賀,蒔田彩珠,Directed
仲野太賀,藤原聖,Directed
仲野太賀,藤咲碧羽,Directed
仲野太賀,藤巻潤,Directed
仲野太賀,藤本ばんび,Directed
仲野太賀,西田圭李,Directed
仲野太賀,西田敏行,Directed
仲野太賀,豊嶋花,Directed
仲野太賀,越山敬達,Directed
仲野太賀,近藤正臣,Directed
仲野太賀,近藤駿太,Directed
仲野太賀,那須ほほみ,Directed
仲野太賀,鈴木亮平 (俳優),Directed
仲野太賀,鈴木萌花,Directed
仲野太賀,長澤まさみ,Directed
仲野太賀,阿部サダヲ,Directed
仲野太賀,陣内孝則,Directed
仲野太賀,青山菜花,Directed
仲野太賀,青木崇高,Directed
仲野太賀,風間杜夫,Directed
仲野太賀,飯尾和樹,Directed
仲野太賀,飯島直子,Directed
仲野太賀,飯島颯,Directed
仲野太賀,香取慎吾,Directed
仲野太賀,高倉健,Directed
仲野太賀,高岡ミロ,Directed
仲野太賀,高桑真之,Directed
仲野太賀,髙石あかり,Directed
仲野太賀,黒柳徹子,Directed
仲野太賀,齋藤潤 (俳優),Directed
伊藤圭吾,イーチ,Directed
伊藤圭吾,中澤実子,Directed
伊藤圭吾,仲吉玲亜,Directed
伊藤圭吾,仲野太賀,Directed
伊藤圭吾,伊崎花菜,Directed
伊藤圭吾,住友沙来,Directed
伊藤圭吾,佐月絵美,Directed
伊藤圭吾,光延ジヨウ,Directed
伊藤圭吾,八神遼介,Directed
伊藤圭吾,冨波心,Directed
伊藤圭吾,冨田侑暉,Directed
伊藤圭吾,吉田美月喜,Directed
伊藤圭吾,坂井仁香,Directed
伊藤圭吾,夏帆,Directed
伊藤圭吾,大川泰雅,Directed
伊藤圭吾,奥森皐月,Directed
伊藤圭吾,安藤夢叶,Directed
伊藤圭吾,小宮山莉渚,Directed
伊藤圭吾,小泉遥香,Directed
伊藤圭吾,小高サラ,Directed
伊藤圭吾,山﨑賢人,Directed
伊藤圭吾,川島夕空,Directed
伊藤圭吾,市原隼人,Directed
伊藤圭吾,志賀李玖,Directed
伊藤圭吾,愛来,Directed
伊藤圭吾,成宮しずく,Directed
伊藤圭吾,春本ヒロ,Directed
伊藤圭吾,月城かなと,Directed
伊藤圭吾,月島琉衣,Directed
伊藤圭吾,杏ジュリア,Directed
伊藤圭吾,杢代和人,Directed
伊藤圭吾,松元寧音,Directed
伊藤圭吾,柴崎楓雅,Directed
伊藤圭吾,桧山ありす,Directed
伊藤圭吾,森田璃空,Directed
伊藤圭吾,森青葉,Directed
伊藤圭吾,椿原慧,Directed
伊藤圭吾,横浜流星,Directed
伊藤圭吾,武田創世,Directed
伊藤圭吾,武藤潤 (俳優),Directed
伊藤圭吾,武野汐那,Directed
伊藤圭吾,河村花,Directed
伊藤圭吾,涼瀬一颯,Directed
伊藤圭吾,渡邉心結,Directed
伊藤圭吾,瑞城さくら,Directed
伊藤圭吾,白宮みずほ,Directed
伊藤圭吾,白石るり,Directed
伊藤圭吾,相羽星良,Directed
伊藤圭吾,禾本珠彩,Directed
伊藤圭吾,秋田汐梨,Directed
伊藤圭吾,竹財輝之助,Directed
伊藤圭吾,篠川桃音,Directed
伊藤圭吾,織田ひまり,Directed
伊藤圭吾,美村里江,Directed
伊藤圭吾,花井心桜,Directed
伊藤圭吾,芳賀柊斗,Directed
伊藤圭吾,芹沢凜,Directed
伊藤圭吾,葉月くれあ,Directed
伊藤圭吾,蒔田彩珠,Directed
伊藤圭吾,藤原聖,Directed
伊藤圭吾,藤咲碧羽,Directed
伊藤圭吾,藤本ばんび,Directed
伊藤圭吾,西田圭李,Directed
伊藤圭吾,豊嶋花,Directed
伊藤圭吾,越山敬達,Directed
伊藤圭吾,近藤駿太,Directed
伊藤圭吾,那須ほほみ,Directed
伊藤圭吾,鈴木萌花,Directed
伊藤圭吾,青山菜花,Directed
伊藤圭吾,青木崇高,Directed
伊藤圭吾,飯島颯,Directed
伊藤圭吾,高岡ミロ,Directed
伊藤圭吾,高桑真之,Directed
伊藤柚葵,イーチ,Directed
伊藤柚葵,中澤実子,Directed
伊藤柚葵,仲吉玲亜,Directed
伊藤柚葵,仲野太賀,Directed
伊藤柚葵,伊崎花菜,Directed
伊藤柚葵,住友沙来,Directed
伊藤柚葵,佐月絵美,Directed
伊藤柚葵,光延ジヨウ,Directed
伊藤柚葵,八神遼介,Directed
伊藤柚葵,冨波心,Directed
伊藤柚葵,吉田美月喜,Directed
伊藤柚葵,坂井仁香,Directed
伊藤柚葵,夏帆,Directed
伊藤柚葵,大川泰雅,Directed
伊藤柚葵,奥森皐月,Directed
伊藤柚葵,安藤夢叶,Directed
伊藤柚葵,小宮山莉渚,Directed
伊藤柚葵,小泉遥香,Directed
伊藤柚葵,小高サラ,Directed
伊藤柚葵,山﨑賢人,Directed
伊藤柚葵,川島夕空,Directed
伊藤柚葵,市原隼人,Directed
伊藤柚葵,志賀李玖,Directed
伊藤柚葵,愛来,Directed
伊藤柚葵,成宮しずく,Directed
伊藤柚葵,春本ヒロ,Directed
伊藤柚葵,月城かなと,Directed
伊藤柚葵,月島琉衣,Directed
伊藤柚葵,杏ジュリア,Directed
伊藤柚葵,杢代和人,Directed
伊藤柚葵,松元寧音,Directed
伊藤柚葵,板垣瑞生,Directed
伊藤柚葵,柴崎楓雅,Directed
伊藤柚葵,桧山ありす,Directed
伊藤柚葵,森田璃空,Directed
伊藤柚葵,森青葉,Directed
伊藤柚葵,椿原慧,Directed
伊藤柚葵,横浜流星,Directed
伊藤柚葵,武田創世,Directed
伊藤柚葵,武藤潤 (俳優),Directed
伊藤柚葵,武野汐那,Directed
伊藤柚葵,河村花,Directed
伊藤柚葵,涼瀬一颯,Directed
伊藤柚葵,渡邉心結,Directed
伊藤柚葵,瑞城さくら,Directed
伊藤柚葵,白宮みずほ,Directed
伊藤柚葵,白石るり,Directed
伊藤柚葵,相羽星良,Directed
伊藤柚葵,禾本珠彩,Directed
伊藤柚葵,秋田汐梨,Directed
伊藤柚葵,竹財輝之助,Directed
伊藤柚葵,篠川桃音,Directed
伊藤柚葵,織田ひまり,Directed
伊藤柚葵,美村里江,Directed
伊藤柚葵,花井心桜,Directed
伊藤柚葵,芳賀柊斗,Directed
伊藤柚葵,芹沢凜,Directed
伊藤柚葵,葉月くれあ,Directed
伊藤柚葵,蒔田彩珠,Directed
伊藤柚葵,藤原聖,Directed
伊藤柚葵,藤咲碧羽,Directed
伊藤柚葵,藤本ばんび,Directed
伊藤柚葵,西田圭李,Directed
伊藤柚葵,豊嶋花,Directed
伊藤柚葵,越山敬達,Directed
伊藤柚葵,近藤駿太,Directed
伊藤柚葵,那須ほほみ,Directed
伊藤柚葵,鈴木萌花,Directed
伊藤柚葵,青山菜花,Directed
伊藤柚葵,青木崇高,Directed
伊藤柚葵,飯島颯,Directed
伊藤柚葵,高岡ミロ,Directed
伊藤柚葵,高桑真之,Directed
伊藤淳史,のん (女優),Directed
伊藤淳史,オダギリジョー,Directed
伊藤淳史,三浦春馬,Directed
伊藤淳史,仲代達矢,Directed
伊藤淳史,仲野太賀,Directed
伊藤淳史,伊藤英明,Directed
伊藤淳史,伊藤隆大,Directed
伊藤淳史,佐藤浩市,Directed
伊藤淳史,北大路欣也,Directed
伊藤淳史,北村有起哉,Directed
伊藤淳史,吉岡秀隆,Directed
伊藤淳史,吉川晃司,Directed
伊藤淳史,向井理,Directed
伊藤淳史,坂口憲二,Directed
伊藤淳史,堂本光一,Directed
伊藤淳史,夏帆,Directed
伊藤淳史,夏木陽介,Directed
伊藤淳史,大泉洋,Directed
伊藤淳史,大門正明,Directed
伊藤淳史,妻夫木聡,Directed
伊藤淳史,山本亘,Directed
伊藤淳史,山本耕史,Directed
伊藤淳史,山本陽子,Directed
伊藤淳史,峰岸徹,Directed
伊藤淳史,川口春奈,Directed
伊藤淳史,市原隼人,Directed
伊藤淳史,志尊淳,Directed
伊藤淳史,成宮寛貴,Directed
伊藤淳史,成田凌,Directed
伊藤淳史,斎藤工,Directed
伊藤淳史,星野源,Directed
伊藤淳史,有村架純,Directed
伊藤淳史,本木雅弘,Directed
伊藤淳史,杉良太郎,Directed
伊藤淳史,杏 (女優),Directed
伊藤淳史,松平健,Directed
伊藤淳史,松方弘樹,Directed
伊藤淳史,松本伊代,Directed
伊藤淳史,松本若菜,Directed
伊藤淳史,松田翔太,Directed
伊藤淳史,松田龍平,Directed
伊藤淳史,柳沢慎吾,Directed
伊藤淳史,柴咲コウ,Directed
伊藤淳史,柴田恭兵,Directed
伊藤淳史,森七菜,Directed
伊藤淳史,横浜流星,Directed
伊藤淳史,水上恒司,Directed
伊藤淳史,永山瑛太,Directed
伊藤淳史,池松壮亮,Directed
伊藤淳史,清原果耶,Directed
伊藤淳史,渡哲也,Directed
伊藤淳史,渡瀬恒彦,Directed
伊藤淳史,渡辺徹 (俳優),Directed
伊藤淳史,滝沢秀明,Directed
伊藤淳史,滝田栄,Directed
伊藤淳史,玉山鉄二,Directed
伊藤淳史,玉森裕太,Directed
伊藤淳史,田中圭,Directed
伊藤淳史,田中実 (俳優),Directed
伊藤淳史,眞栄田郷敦,Directed
伊藤淳史,真木よう子,Directed
伊藤淳史,磯村勇斗,Directed
伊藤淳史,福士蒼汰,Directed
伊藤淳史,竹内涼真,Directed
伊藤淳史,竹脇無我,Directed
伊藤淳史,筒井道隆,Directed
伊藤淳史,緒形拳,Directed
伊藤淳史,芦田愛菜,Directed
伊藤淳史,草彅剛,Directed
伊藤淳史,菅田将暉,Directed
伊藤淳史,藤巻潤,Directed
伊藤淳史,西田敏行,Directed
伊藤淳史,角田晃広,Directed
伊藤淳史,近藤正臣,Directed
伊藤淳史,鈴木亮平 (俳優),Directed
伊藤淳史,長澤まさみ,Directed
伊藤淳史,陣内孝則,Directed
伊藤淳史,風間杜夫,Directed
伊藤淳史,飯島直子,Directed
伊藤淳史,香取慎吾,Directed
伊藤淳史,高倉健,Directed
伊藤淳史,髙石あかり,Directed
伊藤絃,久間田琳加,Directed
伊藤絃,倉沢杏菜,Directed
伊藤絃,南沙良,Directed
伊藤絃,川島鈴遥,Directed
伊藤絃,早瀬憩,Directed
伊藤絃,池端杏慈,Directed
伊藤絃,白石優愛,Directed
佐久間大介,きょん,Directed
佐久間大介,つるの剛士,Directed
佐久間大介,ねお,Directed
佐久間大介,もう中学生,Directed
佐久間大介,サンシャイン池崎,Directed
佐久間大介,ラウール (アイドル),Directed
佐久間大介,七五三掛龍也,Directed
佐久間大介,久保史緒里,Directed
佐久間大介,久間田琳加,Directed
佐久間大介,井ノ原快彦,Directed
佐久間大介,佐々木舞香,Directed
佐久間大介,佐藤アツヒロ,Directed
佐久間大介,内海光司,Directed
佐久間大介,冨岡健翔,Directed
佐久間大介,加藤史帆,Directed
佐久間大介,坂井仁香,Directed
佐久間大介,堂本光一,Directed
佐久間大介,富田鈴花,Directed
佐久間大介,小栗有以,Directed
佐久間大介,小泉遥香,Directed
佐久間大介,川島如恵留,Directed
佐久間大介,杏ジュリア,Directed
佐久間大介,東ブクロ,Directed
佐久間大介,東山紀之,Directed
佐久間大介,横尾渉,Directed
佐久間大介,河合郁人,Directed
佐久間大介,浜野謙太,Directed
佐久間大介,滝沢秀明,Directed
佐久間大介,猪俣周杜,Directed
佐久間大介,玉森裕太,Directed
佐久間大介,矢吹奈子,Directed
佐久間大介,藤咲碧羽,Directed
佐久間大介,西村真二,Directed
佐久間大介,西畑大吾,Directed
佐久間大介,長谷川忍,Directed
佐久間大介,長谷川純,Directed
佐久間大介,阿部亮平 (アイドル),Directed
佐藤蛾次郎,オダギリジョー,Directed
佐藤蛾次郎,桜木健一,Directed
佐藤蛾次郎,渡哲也,Directed
光延ジヨウ,イーチ,Directed
光延ジヨウ,中澤実子,Directed
光延ジヨウ,仲吉玲亜,Directed
光延ジヨウ,仲野太賀,Directed
光延ジヨウ,伊崎花菜,Directed
光延ジヨウ,住友沙来,Directed
光延ジヨウ,佐月絵美,Directed
光延ジヨウ,八神遼介,Directed
光延ジヨウ,冨波心,Directed
光延ジヨウ,吉田美月喜,Directed
光延ジヨウ,坂井仁香,Directed
光延ジヨウ,夏帆,Directed
光延ジヨウ,大川泰雅,Directed
光延ジヨウ,奥森皐月,Directed
光延ジヨウ,安藤夢叶,Directed
光延ジヨウ,小宮山莉渚,Directed
光延ジヨウ,小泉遥香,Directed
光延ジヨウ,小高サラ,Directed
光延ジヨウ,山﨑賢人,Directed
光延ジヨウ,川島夕空,Directed
光延ジヨウ,市原隼人,Directed
光延ジヨウ,志賀李玖,Directed
光延ジヨウ,愛来,Directed
光延ジヨウ,成宮しずく,Directed
光延ジヨウ,春本ヒロ,Directed
光延ジヨウ,月城かなと,Directed
光延ジヨウ,月島琉衣,Directed
光延ジヨウ,杏ジュリア,Directed
光延ジヨウ,杢代和人,Directed
光延ジヨウ,松元寧音,Directed
光延ジヨウ,柴崎楓雅,Directed
光延ジヨウ,桧山ありす,Directed
光延ジヨウ,森田璃空,Directed
光延ジヨウ,森青葉,Directed
光延ジヨウ,椿原慧,Directed
光延ジヨウ,横浜流星,Directed
光延ジヨウ,武田創世,Directed
光延ジヨウ,武藤潤 (俳優),Directed
光延ジヨウ,武野汐那,Directed
光延ジヨウ,河村花,Directed
光延ジヨウ,涼瀬一颯,Directed
光延ジヨウ,渡邉心結,Directed
光延ジヨウ,瑞城さくら,Directed
光延ジヨウ,白宮みずほ,Directed
光延ジヨウ,白石るり,Directed
光延ジヨウ,相羽星良,Directed
光延ジヨウ,禾本珠彩,Directed
光延ジヨウ,秋田汐梨,Directed
光延ジヨウ,竹財輝之助,Directed
光延ジヨウ,篠川桃音,Directed
光延ジヨウ,織田ひまり,Directed
光延ジヨウ,美村里江,Directed
光延ジヨウ,花井心桜,Directed
光延ジヨウ,芳賀柊斗,Directed
光延ジヨウ,芹沢凜,Directed
光延ジヨウ,葉月くれあ,Directed
光延ジヨウ,蒔田彩珠,Directed
光延ジヨウ,藤原聖,Directed
光延ジヨウ,藤咲碧羽,Directed
光延ジヨウ,藤本ばんび,Directed
光延ジヨウ,西田圭李,Directed
光延ジヨウ,豊嶋花,Directed
光延ジヨウ,越山敬達,Directed
光延ジヨウ,近藤駿太,Directed
光延ジヨウ,那須ほほみ,Directed
光延ジヨウ,鈴木萌花,Directed
光延ジヨウ,青山菜花,Directed
光延ジヨウ,青木崇高,Directed
光延ジヨウ,飯島颯,Directed
光延ジヨウ,高岡ミロ,Directed
光延ジヨウ,高桑真之,Directed
八名信夫,丹古母鬼馬二,Directed
八名信夫,杉良太郎,Directed
八名信夫,高倉健,Directed
八名信夫,黒柳徹子,Directed
八嶋智人,上地雄輔,Directed
八嶋智人,坂口憲二,Directed
八嶋智人,杉本哲太,Directed
内田勝正,川合伸旺,Directed
内田勝正,美輪明宏,Directed
内藤剛志,入川保則,Directed
内藤剛志,原田龍二,Directed
内藤剛志,堤大二郎,Directed
内藤剛志,杉良太郎,Directed
内藤剛志,松村雄基,Directed
内藤剛志,柴田恭兵,Directed
内藤剛志,桑名正博,Directed
内藤剛志,植草克秀,Directed
内藤剛志,浜田雅功,Directed
内藤剛志,渡瀬恒彦,Directed
内藤剛志,的場浩司,Directed
内藤剛志,船越英一郎,Directed
内藤剛志,藤田まこと,Directed
内藤剛志,袴田吉彦,Directed
内藤剛志,西郷輝彦,Directed
内藤剛志,里見浩太朗,Directed
内藤剛志,風間トオル,Directed
内藤剛志,高橋元太郎,Directed
冨家ノリマサ,田宮五郎,Directed
冨田侑暉,イーチ,Directed
冨田侑暉,中澤実子,Directed
冨田侑暉,仲吉玲亜,Directed
冨田侑暉,仲野太賀,Directed
冨田侑暉,伊崎花菜,Directed
冨田侑暉,住友沙来,Directed
冨田侑暉,佐月絵美,Directed
冨田侑暉,光延ジヨウ,Directed
冨田侑暉,八神遼介,Directed
冨田侑暉,冨波心,Directed
冨田侑暉,吉田美月喜,Directed
冨田侑暉,坂井仁香,Directed
冨田侑暉,夏帆,Directed
冨田侑暉,大川泰雅,Directed
冨田侑暉,奥森皐月,Directed
冨田侑暉,安藤夢叶,Directed
冨田侑暉,小宮山莉渚,Directed
冨田侑暉,小泉遥香,Directed
冨田侑暉,小高サラ,Directed
冨田侑暉,山﨑賢人,Directed
冨田侑暉,川島夕空,Directed
冨田侑暉,市原隼人,Directed
冨田侑暉,志賀李玖,Directed
冨田侑暉,愛来,Directed
冨田侑暉,成宮しずく,Directed
冨田侑暉,春本ヒロ,Directed
冨田侑暉,月城かなと,Directed
冨田侑暉,月島琉衣,Directed
冨田侑暉,杏ジュリア,Directed
冨田侑暉,杢代和人,Directed
冨田侑暉,松元寧音,Directed
冨田侑暉,柴崎楓雅,Directed
冨田侑暉,桧山ありす,Directed
冨田侑暉,森田璃空,Directed
冨田侑暉,森青葉,Directed
冨田侑暉,椿原慧,Directed
冨田侑暉,横浜流星,Directed
冨田侑暉,武田創世,Directed
冨田侑暉,武藤潤 (俳優),Directed
冨田侑暉,武野汐那,Directed
冨田侑暉,河村花,Directed
冨田侑暉,涼瀬一颯,Directed
冨田侑暉,渡邉心結,Directed
冨田侑暉,瑞城さくら,Directed
冨田侑暉,白宮みずほ,Directed
冨田侑暉,白石るり,Directed
冨田侑暉,相羽星良,Directed
冨田侑暉,禾本珠彩,Directed
冨田侑暉,秋田汐梨,Directed
冨田侑暉,竹財輝之助,Directed
冨田侑暉,篠川桃音,Directed
冨田侑暉,織田ひまり,Directed
冨田侑暉,美村里江,Directed
冨田侑暉,花井心桜,Directed
冨田侑暉,芳賀柊斗,Directed
冨田侑暉,芹沢凜,Directed
冨田侑暉,葉月くれあ,Directed
冨田侑暉,蒔田彩珠,Directed
冨田侑暉,藤原聖,Directed
冨田侑暉,藤咲碧羽,Directed
冨田侑暉,藤本ばんび,Directed
冨田侑暉,西田圭李,Directed
冨田侑暉,豊嶋花,Directed
冨田侑暉,越山敬達,Directed
冨田侑暉,近藤駿太,Directed
冨田侑暉,那須ほほみ,Directed
冨田侑暉,鈴木萌花,Directed
冨田侑暉,青山菜花,Directed
冨田侑暉,青木崇高,Directed
冨田侑暉,飯島颯,Directed
冨田侑暉,高岡ミロ,Directed
冨田侑暉,高桑真之,Directed
前川清,山本耕史,Directed
前川清,山本譲二,Directed
前川清,梅沢富美男,Directed
前川清,榊英雄,Directed
原口剛 (俳優),北大路欣也,Directed
原口剛 (俳優),杉良太郎,Directed
反町隆史,織田裕二,Directed
古澤融,アンドレ・ブラウアー,Directed
古澤融,ウィレム・デフォー,Directed
古澤融,ザンダー・バークレー,Directed
古田敦也,浜田雅功,Directed
古舘伊知郎,ビートたけし,Directed
古舘伊知郎,山里亮太,Directed
古舘伊知郎,渡辺徹 (俳優),Directed
吉岡秀隆,田中邦衛,Directed
吉岡秀隆,高倉健,Directed
吉川晃司,ビートたけし,Directed
吉川晃司,マキタスポーツ,Directed
吉川晃司,世良公則,Directed
吉川晃司,吉岡秀隆,Directed
吉川晃司,妻夫木聡,Directed
吉川晃司,山口祥行,Directed
吉川晃司,志尊淳,Directed
吉川晃司,志村けん,Directed
吉川晃司,明石家さんま,Directed
吉川晃司,木村祐一,Directed
吉川晃司,本木雅弘,Directed
吉川晃司,松方弘樹,Directed
吉川晃司,渡哲也,Directed
吉川晃司,金山一彦,Directed
名和宏,平幹二朗,Directed
名和宏,菅原文太,Directed
和泉元彌,平幹二朗,Directed
和泉元彌,羽野晶紀,Directed
和泉學人,吉岡秀隆,Directed
品川隆二,小沢仁志,Directed
品川隆二,平幹二朗,Directed
品川隆二,杉良太郎,Directed
品川隆二,松方弘樹,Directed
唐沢民賢,杉良太郎,Directed
国分太一,井ノ原快彦,Directed
国分太一,東山紀之,Directed
國村隼,妻夫木聡,Directed
國村隼,山﨑賢人,Directed
國村隼,板尾創路,Directed
坂上忍,バカリズム,Directed
坂上忍,吉川晃司,Directed
坂上忍,坂東玉三郎 (5代目),Directed
坂上忍,山里亮太,Directed
坂上忍,的場浩司,Directed
坂上忍,織田裕二,Directed
坂上忍,金山一彦,Directed
坂口憲二,山﨑賢人,Directed
坂口憲二,渡哲也,Directed
増子敦貴,丸山龍星,Directed
夏木陽介,小沢仁志,Directed
夏木陽介,黒柳徹子,Directed
大悟 (お笑い芸人),DAIGO,Directed
大悟 (お笑い芸人),優香,Directed
大悟 (お笑い芸人),志村けん,Directed
大悟 (お笑い芸人),青木崇高,Directed
大森寛人,菅田将暉,Directed
大泉洋,佐藤浩市,Directed
大泉洋,川口春奈,Directed
大泉洋,成田凌,Directed
大泉洋,松平健,Directed
大泉洋,松方弘樹,Directed
大泉洋,渡哲也,Directed
大泉洋,田中邦衛,Directed
大泉洋,西川きよし,Directed
大泉洋,黒柳徹子,Directed
天本英世,ビートたけし,Directed
天本英世,仲代達矢,Directed
天本英世,佐々木剛,Directed
天本英世,辰巳琢郎,Directed
天本英世,黒部進,Directed
奥野敦士,ビートたけし,Directed
奥野敦士,世良公則,Directed
奥野敦士,吉野紗香,Directed
奥野敦士,安藤昇,Directed
奥野敦士,小沢仁志,Directed
奥野敦士,小沢和義,Directed
奥野敦士,山口祥行,Directed
奥野敦士,本宮泰風,Directed
奥野敦士,松方弘樹,Directed
奥野敦士,武田真治,Directed
奥野敦士,竹内力,Directed
奥野敦士,金山一彦,Directed
妻夫木聡,ビートたけし,Directed
妻夫木聡,三浦春馬,Directed
妻夫木聡,仲代達矢,Directed
妻夫木聡,國村隼,Directed
妻夫木聡,宮迫博之,Directed
妻夫木聡,志尊淳,Directed
妻夫木聡,成田凌,Directed
妻夫木聡,新井浩文,Directed
妻夫木聡,星野源,Directed
妻夫木聡,本田博太郎,Directed
妻夫木聡,池松壮亮,Directed
妻夫木聡,髙石あかり,Directed
安藤昇,堀田眞三,Directed
安藤昇,菅原文太,Directed
安藤昇,高倉健,Directed
宍戸錠,ちあきなおみ,Directed
宍戸錠,吉川晃司,Directed
宍戸錠,宍戸開,Directed
宍戸開,ちあきなおみ,Directed
宍戸開,宍戸錠,Directed
寺尾聰,平幹二朗,Directed
寺尾聰,徳重聡,Directed
寺田農,藤田まこと,Directed
小出恵介,明石家さんま,Directed
小出恵介,玉山鉄二,Directed
小園凌央,松本伊代,Directed
小沢仁志,ウディ・アレン,Directed
小沢仁志,中野英雄,Directed
小沢仁志,佐久間大介,Directed
小沢仁志,吉野紗香,Directed
小沢仁志,夏木陽介,Directed
小沢仁志,安藤昇,Directed
小沢仁志,小沢和義,Directed
小沢仁志,山口祥行,Directed
小沢仁志,本宮泰風,Directed
小沢仁志,松方弘樹,Directed
小沢仁志,竹内力,Directed
小沢和義,小沢仁志,Directed
小沢和義,山口祥行,Directed
小沢和義,渡辺裕之,Directed
小沢和義,的場浩司,Directed
小沢和義,竹内力,Directed
山内としお,藤田まこと,Directed
山口祥行,中野英雄,Directed
山口祥行,吉川晃司,Directed
山口祥行,安藤昇,Directed
山口祥行,小沢仁志,Directed
山口祥行,小沢和義,Directed
山口祥行,本宮泰風,Directed
山口祥行,的場浩司,Directed
山口祥行,竹内力,Directed
山本耕史,トミー・リー・ジョーンズ,Directed
山本耕史,山口智充,Directed
山本耕史,斎藤工,Directed
山本耕史,磯村勇斗,Directed
山本耕史,香取慎吾,Directed
山本譲二,前川清,Directed
山根和馬,中野英雄,Directed
山根和馬,奥田こころ,Directed
山里亮太,バカリズム,Directed
山里亮太,仲野太賀,Directed
山里亮太,山崎静代,Directed
山里亮太,芦田愛菜,Directed
山里亮太,髙橋ひかる,Directed
岩崎う大,バカリズム,Directed
岩崎う大,岩尾望,Directed
岩崎う大,志村けん,Directed
川合伸旺,ジョー・ドン・ベイカー,Directed
川合伸旺,田口計,Directed
川島如恵留,阿部亮平 (アイドル),Directed
川辺久造,杉良太郎,Directed
川辺久造,里見浩太朗,Directed
徳重聡,渡瀬恒彦,Directed
徳重聡,舘ひろし,Directed
徳重聡,金児憲史,Directed
徳重聡,錦織一清,Directed
志尊淳,小松政夫,Directed
志村けん,ビートたけし,Directed
志村けん,上島竜兵,Directed
志村けん,仲本工事,Directed
志村けん,大悟 (お笑い芸人),Directed
志村けん,明石家さんま,Directed
志村けん,松方弘樹,Directed
志村けん,松本伊代,Directed
志村けん,梅沢富美男,Directed
志村けん,津川雅彦,Directed
志村けん,浜田雅功,Directed
志村けん,菅田将暉,Directed
志村けん,高倉健,Directed
志村けん,黒柳徹子,Directed
愛川欽也,ウディ・アレン,Directed
愛川欽也,井ノ原快彦,Directed
愛川欽也,松方弘樹,Directed
愛川欽也,渡辺徹 (俳優),Directed
愛川欽也,菅原文太,Directed
愛川欽也,薬丸裕英,Directed
成瀬正孝,北大路欣也,Directed
成瀬正孝,渡瀬恒彦,Directed
成瀬正孝,片桐竜次,Directed
成瀬正孝,里見浩太朗,Directed
成田凌,南琴奈,Directed
成田凌,大泉洋,Directed
成田凌,妻夫木聡,Directed
成田凌,明石家さんま,Directed
成田凌,横浜流星,Directed
成田凌,清原果耶,Directed
成田凌,菅田将暉,Directed
斎藤工,三津谷葉子,Directed
斎藤工,向井理,Directed
斎藤工,寺田心,Directed
斎藤工,明石家さんま,Directed
斎藤工,福士誠治,Directed
斎藤工,美輪明宏,Directed
新井浩文,ビートたけし,Directed
新井浩文,妻夫木聡,Directed
新井浩文,松田龍平,Directed
新田真剣佑,星野源,Directed
新田真剣佑,眞栄田郷敦,Directed
新田真剣佑,竹内涼真,Directed
明石家さんま,ビートたけし,Directed
明石家さんま,中居正広,Directed
明石家さんま,佐藤浩市,Directed
明石家さんま,小出恵介,Directed
明石家さんま,山崎静代,Directed
明石家さんま,成田凌,Directed
明石家さんま,斎藤工,Directed
明石家さんま,玉山鉄二,Directed
明石家さんま,生瀬勝久,Directed
明石家さんま,田村正和,Directed
明石家さんま,菅田将暉,Directed
明石家さんま,西川きよし,Directed
明石家さんま,長澤まさみ,Directed
星野源,上地雄輔,Directed
星野源,仲野太賀,Directed
星野源,妻夫木聡,Directed
星野源,宮崎吐夢,Directed
星野源,松重豊,Directed
星野源,浜野謙太,Directed
星野源,菅田将暉,Directed
星野源,藤井隆,Directed
昴生,亜生,Directed
昴生,広末涼子,Directed
本宮泰風,中野英雄,Directed
本宮泰風,原田龍二,Directed
本宮泰風,小沢仁志,Directed
本宮泰風,山口祥行,Directed
本宮泰風,的場浩司,Directed
本田博太郎,オダギリジョー,Directed
本田博太郎,利重剛,Directed
本田博太郎,寺泉憲,Directed
本田博太郎,平幹二朗,Directed
本田博太郎,緒形拳,Directed
本郷直樹,北大路欣也,Directed
松崎しげる,ビートたけし,Directed
松崎しげる,柴俊夫,Directed
松崎しげる,西田敏行,Directed
松平健,大地真央,Directed
松平健,香取慎吾,Directed
松平健,高倉健,Directed
松方弘樹,ビートたけし,Directed
松方弘樹,北大路欣也,Directed
松方弘樹,堀田眞三,Directed
松方弘樹,安藤昇,Directed
松方弘樹,小松政夫,Directed
松方弘樹,本木雅弘,Directed
松方弘樹,浜田雅功,Directed
松方弘樹,渡哲也,Directed
松方弘樹,目黒祐樹,Directed
松方弘樹,菅原文太,Directed
松方弘樹,里見浩太朗,Directed
松方弘樹,高島忠夫,Directed
松本仁,今森茉耶,Directed
松本仁,鈴木秀脩,Directed
松村雄基,佐藤B作,Directed
松村雄基,小沢仁志,Directed
松角洋平,クリスチャン・ベール,Directed
松重豊,GACKT,Directed
松重豊,のん (女優),Directed
松重豊,ビートたけし,Directed
松重豊,中野英雄,Directed
松重豊,新井浩文,Directed
松重豊,星野源,Directed
松重豊,西田敏行,Directed
松重豊,遠藤憲一,Directed
松重豊,陣内孝則,Directed
板垣瑞生,与田祐希,Directed
板垣瑞生,菅田将暉,Directed
板尾創路,木村祐一,Directed
板尾創路,西川きよし,Directed
桜木健一,近藤正臣,Directed
桜木健一,高倉健,Directed
梅垣義明,美輪明宏,Directed
梅垣義明,黒柳徹子,Directed
榊英雄,石川優実,Directed
横尾渉,堂本光一,Directed
横尾渉,玉森裕太,Directed
横浜流星,上地雄輔,Directed
横浜流星,佐藤浩市,Directed
横浜流星,真矢ミキ,Directed
横浜流星,竹内涼真,Directed
横浜流星,芦田愛菜,Directed
武田真治,筒井道隆,Directed
武田真治,藤森慎吾,Directed
武蔵 (格闘家),角田信朗,Directed
永井大,なかやまきんに君,Directed
永井大,渡哲也,Directed
永山瑛太,ビートたけし,Directed
永山瑛太,向井理,Directed
永山瑛太,愛来,Directed
永山瑛太,松田龍平,Directed
永山瑛太,永山竜弥,Directed
永山瑛太,永山絢斗,Directed
永山竜弥,永山瑛太,Directed
永山竜弥,永山絢斗,Directed
永山絢斗,横浜流星,Directed
永山絢斗,永山瑛太,Directed
永山絢斗,永山竜弥,Directed
池松壮亮,仲野太賀,Directed
池松壮亮,妻夫木聡,Directed
池松壮亮,陣内孝則,Directed
河合郁人,東山紀之,Directed
河合郁人,滝沢秀明,Directed
津田篤宏,森七菜,Directed
浜田雅功,内藤剛志,Directed
浜田雅功,渡辺徹 (俳優),Directed
浜田雅功,袴田吉彦,Directed
浜野謙太,ユースケ・サンタマリア,Directed
浜野謙太,星野源,Directed
渋谷天外 (3代目),桑名正博,Directed
渋谷天外 (3代目),渋谷天笑 (2代目),Directed
渋谷天笑 (2代目),前川清,Directed
渋谷天笑 (2代目),渋谷天外 (3代目),Directed
渋谷天笑 (2代目),錦織一清,Directed
渡哲也,いしだあゆみ,Directed
渡哲也,坂口憲二,Directed
渡哲也,宍戸錠,Directed
渡哲也,山崎静代,Directed
渡哲也,木村祐一,Directed
渡哲也,松方弘樹,Directed
渡哲也,永井大,Directed
渡哲也,渡瀬恒彦,Directed
渡哲也,滝沢秀明,Directed
渡哲也,舘ひろし,Directed
渡哲也,苅谷俊介,Directed
渡哲也,菅原文太,Directed
渡哲也,金児憲史,Directed
渡哲也,高倉健,Directed
渡瀬恒彦,ビートたけし,Directed
渡瀬恒彦,井ノ原快彦,Directed
渡瀬恒彦,内藤剛志,Directed
渡瀬恒彦,原田龍二,Directed
渡瀬恒彦,岩尾正隆,Directed
渡瀬恒彦,徳重聡,Directed
渡瀬恒彦,成瀬正孝,Directed
渡瀬恒彦,松方弘樹,Directed
渡瀬恒彦,津川雅彦,Directed
渡瀬恒彦,渡哲也,Directed
渡瀬恒彦,片桐竜次,Directed
渡瀬恒彦,舘ひろし,Directed
渡瀬恒彦,菅原文太,Directed
渡瀬恒彦,遊井亮子,Directed
渡瀬恒彦,里見浩太朗,Directed
渡瀬恒彦,野口貴史,Directed
渡瀬恒彦,香取慎吾,Directed
渡瀬恒彦,高倉健,Directed
渡辺色,菅田将暉,Directed
滝沢秀明,堂本光一,Directed
濱田龍臣,鈴木福,Directed
片岡鶴太郎,ビートたけし,Directed
片岡鶴太郎,井手らっきょ,Directed
片岡鶴太郎,志村けん,Directed
片岡鶴太郎,明石家さんま,Directed
片岡鶴太郎,近藤正臣,Directed
玉森裕太,横尾渉,Directed
玉森裕太,阿部サダヲ,Directed
生瀬勝久,羽野晶紀,Directed
生瀬勝久,西川きよし,Directed
生瀬勝久,辰巳琢郎,Directed
田中実 (俳優),仲代達矢,Directed
田口計,アンソニー・ホプキンス,Directed
田口計,川合伸旺,Directed
田口計,杉良太郎,Directed
田口計,松方弘樹,Directed
田宮五郎,伊藤英明,Directed
田山涼成,江守徹,Directed
田山涼成,風間杜夫,Directed
白井滋郎,渡瀬恒彦,Directed
白井滋郎,片桐竜次,Directed
白井滋郎,高倉健,Directed
的場浩司,中野英雄,Directed
的場浩司,山口祥行,Directed
的場浩司,本宮泰風,Directed
的場浩司,船越英一郎,Directed
眞栄田郷敦,新田真剣佑,Directed
睦五朗,誠直也,Directed
石原良純,ユースケ・サンタマリア,Directed
石原良純,南沙良,Directed
石原良純,黒柳徹子,Directed
石川志泉,小辻庵,Directed
石川志泉,長嶺龍汰,Directed
神田正輝,宍戸錠,Directed
神田正輝,渡哲也,Directed
神田正輝,舘ひろし,Directed
福士蒼汰,川口春奈,Directed
福士蒼汰,有村架純,Directed
福崎那由他,清原果耶,Directed
稲垣吾郎,中居正広,Directed
稲垣吾郎,山口達也,Directed
稲垣吾郎,広末涼子,Directed
稲垣吾郎,梅沢富美男,Directed
稲垣吾郎,草彅剛,Directed
稲垣吾郎,香取慎吾,Directed
竹内涼真,夏帆,Directed
竹内涼真,横浜流星,Directed
竹内涼真,長澤まさみ,Directed
竹内涼真,高岩成二,Directed
竹内黎,伊藤圭吾,Directed
竹内黎,冨田侑暉,Directed
竹脇無我,いしだあゆみ,Directed
竹脇無我,津川雅彦,Directed
竹脇無我,渡哲也,Directed
竹脇無我,田村正和,Directed
竹脇無我,神田正輝,Directed
竹脇無我,西郷輝彦,Directed
竹脇無我,高橋元太郎,Directed
竹財輝之助,柴咲コウ,Directed
筒井道隆,松重豊,Directed
筒井道隆,筒井康隆,Directed
筒井道隆,風間健,Directed
緒形拳,GACKT,Directed
緒形拳,津川雅彦,Directed
織田裕二,ユースケ・サンタマリア,Directed
織田裕二,江口洋介,Directed
織田裕二,的場浩司,Directed
織田裕二,高倉健,Directed
美輪明宏,坂東玉三郎 (5代目),Directed
美輪明宏,東山紀之,Directed
美輪明宏,梅沢富美男,Directed
美輪明宏,熊倉一雄,Directed
美輪明宏,黒柳徹子,Directed
舘ひろし,徳重聡,Directed
舘ひろし,柴田恭兵,Directed
舘ひろし,渡哲也,Directed
舘ひろし,金児憲史,Directed
舘ひろし,飯尾和樹,Directed
船越英一郎,上地雄輔,Directed
船越英一郎,佐藤浩市,Directed
船越英一郎,反町隆史,Directed
船越英一郎,徳重聡,Directed
船越英一郎,愛川欽也,Directed
船越英一郎,杉良太郎,Directed
船越英一郎,杏 (女優),Directed
船越英一郎,渡瀬恒彦,Directed
船越英一郎,片岡鶴太郎,Directed
船越英一郎,田中邦衛,Directed
船越英一郎,的場浩司,Directed
船越英一郎,神田正輝,Directed
船越英一郎,稲垣吾郎,Directed
船越英一郎,船越英二,Directed
船越英一郎,若林豪,Directed
船越英一郎,菅田将暉,Directed
船越英一郎,里見浩太朗,Directed
船越英一郎,長澤まさみ,Directed
苅谷俊介,ウィレム・デフォー,Directed
苅谷俊介,クリス・クリストファーソン,Directed
苅谷俊介,渡哲也,Directed
苅谷俊介,舘ひろし,Directed
草彅剛,ユースケ・サンタマリア,Directed
草彅剛,中居正広,Directed
草彅剛,仲本工事,Directed
草彅剛,広末涼子,Directed
草彅剛,斎藤工,Directed
草彅剛,明石家さんま,Directed
草彅剛,本木雅弘,Directed
草彅剛,柴咲コウ,Directed
草彅剛,玉森裕太,Directed
草彅剛,生見愛瑠,Directed
草彅剛,稲垣吾郎,Directed
草彅剛,長澤樹,Directed
草彅剛,飯島直子,Directed
草彅剛,香取慎吾,Directed
草彅剛,高倉健,Directed
菅田将暉,ザッカリー・リーヴァイ,Directed
菅田将暉,ビートたけし,Directed
菅田将暉,仲野太賀,Directed
菅田将暉,吉川晃司,Directed
菅田将暉,山﨑賢人,Directed
菅田将暉,成田凌,Directed
菅田将暉,明石家さんま,Directed
菅田将暉,星野源,Directed
菅田将暉,有村架純,Directed
菅田将暉,横浜流星,Directed
菅田将暉,池松壮亮,Directed
菅田将暉,竹内涼真,Directed
菅田将暉,遠藤憲一,Directed
萩原成哉,鵜飼主水,Directed
薬丸裕英,本木雅弘,Directed
薬丸裕英,東山紀之,Directed
藤井隆,星野源,Directed
藤井隆,錦織一清,Directed
藤巻潤,杉良太郎,Directed
藤森慎吾,武田真治,Directed
藤田まこと,ウディ・アレン,Directed
藤田まこと,東山紀之,Directed
藤田まこと,西川きよし,Directed
藤田まこと,黒柳徹子,Directed
袴田吉彦,内藤剛志,Directed
袴田吉彦,浜田雅功,Directed
西村真二,きょん,Directed
西田敏行,ビートたけし,Directed
西田敏行,上島竜兵,Directed
西田敏行,小林星蘭,Directed
西田敏行,松崎しげる,Directed
西田敏行,柴俊夫,Directed
西田敏行,菅原文太,Directed
西田敏行,里見浩太朗,Directed
西田敏行,高倉健,Directed
西田敏行,黒柳徹子,Directed
西興一朗,國村隼,Directed
角田信朗,DAIGO,Directed
角田信朗,シルヴェスター・スタローン,Directed
角田信朗,武蔵 (格闘家),Directed
赤坂晃,佐藤アツヒロ,Directed
赤坂晃,内海光司,Directed
辰巳琢郎,ビートたけし,Directed
辰巳琢郎,生瀬勝久,Directed
辻本祐樹,津川雅彦,Directed
近藤正臣,ビートたけし,Directed
近藤正臣,桜木健一,Directed
近藤正臣,片岡鶴太郎,Directed
近藤洋介 (俳優),パワーズ・ブース,Directed
近藤洋介 (俳優),松平健,Directed
近藤洋介 (俳優),藤田まこと,Directed
里見浩太朗,原田龍二,Directed
里見浩太朗,杉良太郎,Directed
里見浩太朗,熊田胡々,Directed
里見浩太朗,高倉健,Directed
野久保直樹,つるの剛士,Directed
野久保直樹,上地雄輔,Directed
野久保直樹,向井理,Directed
野久保直樹,和田正人,Directed
野口貴史,北大路欣也,Directed
野口貴史,榊英雄,Directed
野口貴史,里見浩太朗,Directed
鈴木亮平 (俳優),三浦春馬,Directed
鈴木亮平 (俳優),天海祐希,Directed
鈴木亮平 (俳優),江口洋介,Directed
鈴木亮平 (俳優),阿部亮平 (アイドル),Directed
鈴木福,あの,Directed
鈴木福,つるの剛士,Directed
鈴木福,杏 (女優),Directed
鈴木福,滝沢秀明,Directed
鈴木福,濱田龍臣,Directed
鈴木福,芦田愛菜,Directed
鈴木福,谷花音,Directed
鈴木福,阿部サダヲ,Directed
鈴木秀脩,今森茉耶,Directed
鈴木秀脩,松本仁,Directed
錦織一清,なだぎ武,Directed
錦織一清,三浦祐介,Directed
錦織一清,丹羽貞仁,Directed
錦織一清,佐藤蛾次郎,Directed
錦織一清,堀田眞三,Directed
錦織一清,山口馬木也,Directed
錦織一清,山崎静代,Directed
錦織一清,徳重聡,Directed
錦織一清,東山紀之,Directed
錦織一清,柳美稀,Directed
錦織一清,柴田恭兵,Directed
錦織一清,桑名正博,Directed
錦織一清,植草克秀,Directed
錦織一清,横山結衣,Directed
錦織一清,渋谷天外 (3代目),Directed
錦織一清,渋谷天笑 (2代目),Directed
錦織一清,玉森裕太,Directed
錦織一清,石井一孝,Directed
錦織一清,福田沙紀,Directed
錦織一清,筧利夫,Directed
錦織一清,藤井隆,Directed
錦織一清,長谷川忍,Directed
阿部サダヲ,優香,Directed
阿部サダヲ,柴咲コウ,Directed
阿部サダヲ,芦田愛菜,Directed
阿部亮平 (アイドル),佐久間大介,Directed
阿部亮平 (アイドル),川島如恵留,Directed
阿部亮平 (アイドル),鈴木亮平 (俳優),Directed
阿部亮平 (アイドル),錦織一清,Directed
陣内孝則,ビートたけし,Directed
陣内孝則,桑名正博,Directed
陣内孝則,池松壮亮,Directed
青木崇高,GACKT,Directed
青木崇高,優香,Directed
青木崇高,成田凌,Directed
青木崇高,杏 (女優),Directed
青木崇高,鈴木亮平 (俳優),Directed
青木柚,中村守里,Directed
青木柚,仲野太賀,Directed
青木柚,菅田将暉,Directed
飯尾和樹,やす,Directed
飯尾和樹,天海祐希,Directed
飯尾和樹,小松政夫,Directed
飯尾和樹,明石家さんま,Directed
飯尾和樹,田中圭,Directed
飯尾和樹,神尾楓珠,Directed
飯尾和樹,織田裕二,Directed
飯尾和樹,舘ひろし,Directed
飯尾和樹,菅田将暉,Directed
飯沼誠司,つるの剛士,Directed
飯沼誠司,なかやまきんに君,Directed
飯沼誠司,永井大,Directed
飯沼誠司,浜田雅功,Directed
香取慎吾,ビートたけし,Directed
香取慎吾,中居正広,Directed
香取慎吾,山本耕史,Directed
香取慎吾,稲垣吾郎,Directed
香取慎吾,草彅剛,Directed
香取慎吾,角田晃広,Directed
香取慎吾,鈴木福,Directed
香取慎吾,髙橋ひかる,Directed
香取慎吾,黒柳徹子,Directed
高倉健,ビートたけし,Directed
高倉健,仲代達矢,Directed
高倉健,北大路欣也,Directed
高倉健,渡哲也,Directed
高倉健,渡瀬恒彦,Directed
高倉健,田中邦衛,Directed
高倉健,美輪明宏,Directed
高倉健,草彅剛,Directed
高岡蒼佑,市原隼人,Directed
鹿内孝,渡哲也,Directed
黒部進,八名信夫,Directed
齋藤潤 (俳優),山﨑賢人,Directed
Kuro (女優),上杉祥三,Directed
あの,原菜乃華,Directed
あの,山里亮太,Directed
あの,鈴木福,Directed
あの,高岸宏行,Directed
あの,齊藤なぎさ,Directed
いしだあゆみ,渡哲也,Directed
いしだあゆみ,西郷輝彦,Directed
いしだあゆみ,高倉健,Directed
ちあきなおみ,宍戸錠,Directed
ちあきなおみ,宍戸開,Directed
ちあきなおみ,明石家さんま,Directed
ちあきなおみ,梅沢富美男,Directed
なえなの,あの,Directed
なえなの,森日菜美,Directed
のん (女優),新津ちせ,Directed
やすきひろこ,横瀬智也,Directed
エイミー (女優),松島かのん,Directed
エイミー (女優),蓬莱舞,Directed
クララ・ローズ,芦田愛菜,Directed
一ノ瀬瑠菜,吉井しえる,Directed
一ノ瀬瑠菜,有村架純,Directed
一ノ瀬瑠菜,松田実桜,Directed
一ノ瀬瑠菜,藤本沙羅,Directed
一ノ瀬瑠菜,麻倉瑞季,Directed
一ノ瀬美空,久保史緒里,Directed
一ノ瀬美空,小川彩,Directed
一本鎗希華,東出有貴,Directed
三宅エリナ,アーノルド・シュワルツェネッガー,Directed
三宅エリナ,ジェームズ・ベルーシ,Directed
三津谷葉子,上地雄輔,Directed
上西怜,梅山恋和,Directed
与田祐希,久保史緒里,Directed
並木彩華,杢代和人,Directed
中島セナ,井手上漠,Directed
中島セナ,當真あみ,Directed
中島瑠菜,柳明日菜,Directed
中村守里,青木柚,Directed
中田乃愛,神谷天音,Directed
久保史緒里,与田祐希,Directed
久保史緒里,加藤史帆,Directed
久保史緒里,小坂菜緒,Directed
久保史緒里,有村架純,Directed
久間田琳加,山田杏奈,Directed
久間田琳加,畑芽育,Directed
久間田琳加,長澤まさみ,Directed
九野ひなの,未歩なな,Directed
乾恭子,天海祐希,Directed
井上もも,石川澪,Directed
井本彩花,日向亘,Directed
今森茉耶,一ノ瀬瑠菜,Directed
今森茉耶,吉井しえる,Directed
今森茉耶,和泉芳怜,Directed
今森茉耶,志田こはく,Directed
今森茉耶,斉藤里奈 (2001年生),Directed
今森茉耶,松本仁,Directed
今森茉耶,松田実桜,Directed
今森茉耶,沢口愛華,Directed
今森茉耶,瑚々,Directed
今森茉耶,當真あみ,Directed
今森茉耶,菊地姫奈,Directed
今森茉耶,葉月くれあ,Directed
今森茉耶,豊田ルナ,Directed
今森茉耶,鈴木秀脩,Directed
仲美海,湯川玲菜 (女優),Directed
仲里依紗,川口春奈,Directed
伊勢鈴蘭,八木栞,Directed
伊勢鈴蘭,明日海りお,Directed
伊澤彩織,髙石あかり,Directed
伊礼姫奈,清原果耶,Directed
伊礼姫奈,豊嶋花,Directed
伊織もえ,篠原みなみ,Directed
伊藤さおり,角田晃広,Directed
伊藤佳織,緑川睦,Directed
伊藤千宥,森七菜,Directed
佐々木ほのか,桑島海空,Directed
佐々木舞香,瀧脇笙古,Directed
佐々木舞香,諸橋沙夏,Directed
佐々木舞香,髙松瞳,Directed
佐々木舞香,齊藤なぎさ,Directed
倉島颯良,岡田愛,Directed
倉持春希,大角ゆき,Directed
優香,山崎静代,Directed
優香,志村けん,Directed
優香,阿部サダヲ,Directed
優香,青木崇高,Directed
優香,飯島直子,Directed
八千草薫,有馬稲子,Directed
八木栞,伊勢鈴蘭,Directed
八木栞,河西結心,Directed
八木莉可子,山田杏奈,Directed
八木莉可子,平手友梨奈,Directed
八木莉可子,蒔田彩珠,Directed
内田愛,杏 (女優),Directed
冨里奈央,奥田いろは,Directed
凛美,桜田ひより,Directed
凛美,清原果耶,Directed
凛美,芦田愛菜,Directed
凰稀かなめ,朝海ひかる,Directed
出口夏希,南沙良,Directed
出口夏希,森七菜,Directed
出口夏希,櫻井海音,Directed
出口夏希,永瀬莉子,Directed
出口夏希,蒔田彩珠,Directed
出口夏希,鈴木亮平 (俳優),Directed
出口夏希,青木柚,Directed
加藤史帆,久保史緒里,Directed
加藤史帆,小坂菜緒,Directed
加藤史帆,生見愛瑠,Directed
勇直子,吉川晃司,Directed
北村燦來,上地雄輔,Directed
南沙良,出口夏希,Directed
南沙良,平手友梨奈,Directed
南沙良,永瀬莉子,Directed
南沙良,石原良純,Directed
南沙良,蒔田彩珠,Directed
南琴奈,成田凌,Directed
原愛音,早瀬憩,Directed
原愛音,真木よう子,Directed
原田都愛,小川桜花,Directed
原田都愛,山口綺羅,Directed
原田都愛,石井蘭,Directed
原田都愛,菱田未渚美,Directed
原菜乃華,あの,Directed
原菜乃華,江口洋介,Directed
原菜乃華,磯村勇斗,Directed
原菜乃華,齊藤なぎさ,Directed
古乃ほの,さくらわかな,Directed
古乃ほの,五芭,Directed
古乃ほの,宮下玲奈,Directed
古乃ほの,未歩なな,Directed
古乃ほの,石川澪,Directed
古乃ほの,葵いぶき,Directed
古田愛理,莉子 (モデル),Directed
古田愛理,香音,Directed
吉井しえる,一ノ瀬瑠菜,Directed
吉柳咲良,奥田いろは,Directed
吉田美月喜,田鍋梨々花,Directed
吉田莉桜,山田南実,Directed
吉田莉桜,豊田ルナ,Directed
吉野紗香,八千草薫,Directed
吉野紗香,小沢仁志,Directed
吉野紗香,広末涼子,Directed
吉野紗香,徳重聡,Directed
吉野紗香,愛川欽也,Directed
吉野紗香,松村雄基,Directed
吉野紗香,江守徹,Directed
吉野紗香,西郷輝彦,Directed
和央ようか,轟悠,Directed
和泉ふみ,鶴嶋乃愛,Directed
和泉芳怜,今森茉耶,Directed
和泉芳怜,天野きき,Directed
和泉芳怜,沢口愛華,Directed
和泉芳怜,瑚々,Directed
和泉芳怜,菊地姫奈,Directed
和泉芳怜,豊田ルナ,Directed
和泉芳怜,長澤まさみ,Directed
土屋希乃,川口春奈,Directed
坂井仁香,小泉遥香,Directed
坂井仁香,愛来,Directed
坂井仁香,杏ジュリア,Directed
堰沢結愛,堰沢結萌,Directed
堰沢結愛,堰沢結衣,Directed
堰沢結萌,堰沢結愛,Directed
堰沢結萌,堰沢結衣,Directed
堰沢結衣,堰沢結愛,Directed
堰沢結衣,堰沢結萌,Directed
増田來亜,小川桜花,Directed
増田來亜,小田柚葉,Directed
増田來亜,山口綺羅,Directed
増田來亜,隅谷百花,Directed
増田來亜,鶴屋美咲,Directed
夏帆,バカリズム,Directed
夏帆,星野源,Directed
夏帆,竹内涼真,Directed
夏帆,角田晃広,Directed
大原万由子,月城かなと,Directed
大和奈央,幸澤沙良,Directed
大地真央,今野浩喜,Directed
大地真央,松平健,Directed
大地真央,真矢ミキ,Directed
大槻理子,天野きき,Directed
大槻理子,菊地姫奈,Directed
大浦みずき,安寿ミラ,Directed
大浦みずき,峰さを理,Directed
大熊杏優,桑島海空,Directed
大竹佳那,榊英雄,Directed
大藤真美,西郷輝彦,Directed
大角ゆき,倉持春希,Directed
大野りりあな,黒柳徹子,Directed
大鳥れい,松平健,Directed
大鳥れい,真矢ミキ,Directed
天海祐希,大地真央,Directed
天海祐希,大浦みずき,Directed
天海祐希,豊嶋花,Directed
天海祐希,麻乃佳世,Directed
天翔天音,天翔愛,Directed
天翔愛,天翔天音,Directed
天野きき,のん (女優),Directed
天野きき,和泉芳怜,Directed
天野きき,大槻理子,Directed
天野きき,斉藤里奈 (2001年生),Directed
天野きき,沢口愛華,Directed
天野きき,浜田雅功,Directed
天野きき,瑚々,Directed
天野きき,菊地姫奈,Directed
天野きき,豊田ルナ,Directed
天野きき,麻倉瑞季,Directed
太田美恵,玉山鉄二,Directed
太田美恵,福士蒼汰,Directed
太田美恵,鈴木亮平 (俳優),Directed
奥田いろは,一ノ瀬美空,Directed
奥田いろは,吉柳咲良,Directed
奥田いろは,奥田こころ,Directed
奥田こころ,奥田いろは,Directed
奥田こころ,小椋梨央,Directed
奥田こころ,山根和馬,Directed
奥田こころ,有村架純,Directed
守殿愛生,成海璃子,Directed
安井南,久間田琳加,Directed
安寿ミラ,大浦みずき,Directed
安寿ミラ,天海祐希,Directed
宍戸里帆,福田もも,Directed
宮下咲,山根和馬,Directed
宮下玲奈,未歩なな,Directed
宮下玲奈,石川澪,Directed
宮下玲奈,葵いぶき,Directed
宮城まり子,久保史緒里,Directed
宮崎あみさ,志田こはく,Directed
宮崎あみさ,月野有菜,Directed
宮崎あみさ,桜田愛音,Directed
宮野陽名,原菜乃華,Directed
寺本莉緒,大泉洋,Directed
小坂菜緒,与田祐希,Directed
小坂菜緒,丹生明里,Directed
小坂菜緒,久保史緒里,Directed
小坂菜緒,加藤史帆,Directed
小坂菜緒,富田鈴花,Directed
小坂菜緒,平手友梨奈,Directed
小坂菜緒,桜田ひより,Directed
小坂菜緒,濱岸ひより,Directed
小川彩,一ノ瀬美空,Directed
小川桜花,原田都愛,Directed
小川桜花,増田來亜,Directed
小川桜花,小田柚葉,Directed
小川桜花,隅谷百花,Directed
小川桜花,鶴屋美咲,Directed
小林星蘭,谷花音,Directed
小林萌夏,坂上忍,Directed
小林萌夏,明石家さんま,Directed
小栗有以,山内瑞葵,Directed
小森香乃,早瀬憩,Directed
小泉遥香,坂井仁香,Directed
小泉遥香,杏ジュリア,Directed
小泉遥香,香取慎吾,Directed
小田垣陽菜,鈴木萌花,Directed
小田柚葉,増田來亜,Directed
小田柚葉,小川桜花,Directed
小田柚葉,菱田未渚美,Directed
小田柚葉,鈴木福,Directed
小田柚葉,隅谷百花,Directed
小田柚葉,鶴屋美咲,Directed
山内瑞葵,小山璃奈,Directed
山内瑞葵,小栗有以,Directed
山内瑞葵,梅山恋和,Directed
山口綺羅,原田都愛,Directed
山口綺羅,増田來亜,Directed
山口綺羅,石井蘭,Directed
山口綺羅,菱田未渚美,Directed
山口莉愛,折田涼夏,Directed
山口莉愛,杉浦優來,Directed
山崎静代,山里亮太,Directed
山崎静代,渡哲也,Directed
山崎静代,菅田将暉,Directed
山戸穂乃葉,三宅りむ,Directed
山戸穂乃葉,藤本もあ菜,Directed
山本陽子,大地真央,Directed
山田南実,吉田莉桜,Directed
山田南実,月野有菜,Directed
山田南実,豊田ルナ,Directed
山田杏奈,八木莉可子,Directed
山田杏奈,小坂菜緒,Directed
山田杏奈,松本若菜,Directed
山田杏奈,田口乙葉,Directed
山田杏奈,畑芽育,Directed
山田杏奈,眞栄田郷敦,Directed
山田萌々香,仲里依紗,Directed
山田萌々香,優香,Directed
岡本美沙,入川保則,Directed
岡田愛,倉島颯良,Directed
岡田愛,奥森皐月,Directed
岩瀬顕子,古谷一行,Directed
岩田詩帆,小玉百夏,Directed
峰さを理,藤木孝,Directed
川口春奈,仲里依紗,Directed
川口春奈,大泉洋,Directed
川口春奈,山﨑賢人,Directed
川口春奈,成海璃子,Directed
川口春奈,本木雅弘,Directed
川島夕空,長澤まさみ,Directed
川島鈴遥,オダギリジョー,Directed
川越にこ,小野六花,Directed
川越にこ,石川澪,Directed
川﨑帆々花,鎌田英怜奈,Directed
工藤萌香,渡辺裕之,Directed
工藤萌香,石垣佑磨,Directed
平岡由香,明日海りお,Directed
平手友梨奈,トミー・リー・ジョーンズ,Directed
平手友梨奈,八木莉可子,Directed
平手友梨奈,南沙良,Directed
平手友梨奈,神尾楓珠,Directed
平瀬美里,佐月絵美,Directed
平瀬美里,後藤萌咲,Directed
平瀬美里,東出有貴,Directed
平瀬美里,青山菜花,Directed
平田こころ,斎藤工,Directed
幸澤沙良,大和奈央,Directed
幸澤沙良,飯沼愛,Directed
幾田まち,福田もも,Directed
広末涼子,吉野紗香,Directed
広末涼子,宮迫博之,Directed
広末涼子,本木雅弘,Directed
広末涼子,草彅剛,Directed
広橋佳苗,瑚々,Directed
広橋佳苗,竹内詩乃,Directed
庵原涼香,石井萌々果,Directed
影山優佳,丹生明里,Directed
影山優佳,加藤史帆,Directed
影山優佳,小坂菜緒,Directed
影山優佳,山里亮太,Directed
影山優佳,石原良純,Directed
後藤まりこ,広末涼子,Directed
後藤まりこ,柴田恭兵,Directed
後藤萌咲,小関舞,Directed
後藤萌咲,平瀬美里,Directed
志田こはく,今森茉耶,Directed
志田こはく,宮崎あみさ,Directed
愛来,小田垣陽菜,Directed
愛来,平瀬美里,Directed
愛来,播磨かな,Directed
愛来,桜井美里,Directed
愛来,鈴木萌花,Directed
成宮しずく,エイミー (女優),Directed
成宮しずく,松島かのん,Directed
成宮しずく,蓬莱舞,Directed
播磨かな,公野舞華,Directed
播磨かな,森青葉,Directed
斉藤里奈 (2001年生),三野宮鈴,Directed
斉藤里奈 (2001年生),和泉芳怜,Directed
斉藤里奈 (2001年生),天野きき,Directed
斉藤里奈 (2001年生),沢口愛華,Directed
斉藤里奈 (2001年生),瑚々,Directed
斉藤里奈 (2001年生),菊地姫奈,Directed
斉藤里奈 (2001年生),藤本沙羅,Directed
斉藤里奈 (2001年生),豊田ルナ,Directed
斉藤里奈 (2001年生),麻倉瑞季,Directed
新條月渚,森田瑞姫,Directed
新津ちせ,芦田愛菜,Directed
日向未来,原菜乃華,Directed
日向未来,木内舞留,Directed
日向未来,渡辺優奈,Directed
日景温子,池田倫太朗,Directed
日比野芽奈,前川歌音,Directed
日比野芽奈,持田優奈,Directed
早瀬憩,小森香乃,Directed
旭桃果,バカリズム,Directed
旭桃果,唐澤一路,Directed
明山直未,星野源,Directed
明日海りお,和央ようか,Directed
明日海りお,天海祐希,Directed
明日海りお,華優希,Directed
春名風花,畠山紬,Directed
月城かなと,朝海ひかる,Directed
月城かなと,海乃美月,Directed
月野有菜,古田愛理,Directed
月野有菜,山田南実,Directed
月野有菜,眞嶋優,Directed
有安杏果,津川雅彦,Directed
有村架純,仲野太賀,Directed
有村架純,星野源,Directed
有村架純,菅田将暉,Directed
有賀裕子,佐々木剛,Directed
有馬稲子,八千草薫,Directed
有馬稲子,天海祐希,Directed
朝宮ひまわり,小山璃奈,Directed
朝海ひかる,安寿ミラ,Directed
朝海ひかる,轟悠,Directed
木内舞留,日向未来,Directed
木内舞留,渡辺優奈,Directed
未歩なな,九野ひなの,Directed
未歩なな,古乃ほの,Directed
未歩なな,宮下玲奈,Directed
未歩なな,楓ふうあ,Directed
未歩なな,石川澪,Directed
未歩なな,葵いぶき,Directed
未歩なな,鎮西寿々歌,Directed
本田仁美,矢吹奈子,Directed
本田望結,本田紗来,Directed
本田望結,鈴木福,Directed
本田紗来,本田望結,Directed
杉浦優來,原田都愛,Directed
杉浦優來,山口莉愛,Directed
杏 (女優),堂本光一,Directed
杏ジュリア,坂井仁香,Directed
杏ジュリア,小泉遥香,Directed
杏ジュリア,小高サラ,Directed
杏ジュリア,藤本ばんび,Directed
村山優香,豊田ルナ,Directed
松島かのん,エイミー (女優),Directed
松島かのん,蓬莱舞,Directed
松本伊代,小園凌央,Directed
松本伊代,片岡鶴太郎,Directed
松本若菜,山里亮太,Directed
松田実桜,石川翔鈴,Directed
松風理咲,竹内愛紗,Directed
松風理咲,長見玲亜,Directed
林祐衣,田中圭,Directed
柴咲コウ,八嶋智人,Directed
柴咲コウ,天海祐希,Directed
柴咲コウ,妻夫木聡,Directed
柴咲コウ,広末涼子,Directed
柴咲コウ,長澤まさみ,Directed
柴咲コウ,阿部サダヲ,Directed
栗咲寛子,山崎静代,Directed
桑島海空,佐々木ほのか,Directed
桑島海空,大熊杏優,Directed
桜井奈津,板尾創路,Directed
桜井奈津,渡辺裕之,Directed
桜田ひより,仲野太賀,Directed
桜田ひより,神尾楓珠,Directed
桜田ひより,芦田愛菜,Directed
桜田ひより,蒔田彩珠,Directed
桜田ひより,阿部サダヲ,Directed
梅山恋和,上西怜,Directed
梅山恋和,山内瑞葵,Directed
森七菜,仲野太賀,Directed
森七菜,出口夏希,Directed
森下舞桜,木下友里,Directed
森日菜美,長澤まさみ,Directed
森田瑞姫,新條月渚,Directed
楪カレン,未歩なな,Directed
楪カレン,石川澪,Directed
楪カレン,葵いぶき,Directed
横田未来,山之内すず,Directed
横田未来,池間夏海,Directed
横田未来,石川翔鈴,Directed
毬藻えり,峰さを理,Directed
毬藻えり,松平健,Directed
水瀬紗彩耶,バカリズム,Directed
永瀬莉子,出口夏希,Directed
永瀬莉子,南沙良,Directed
永瀬莉子,田鍋梨々花,Directed
永瀬莉子,秋田汐梨,Directed
永瀬莉子,遠藤憲一,Directed
池端杏慈,川口春奈,Directed
沢口愛華,寺本莉緒,Directed
沢口愛華,濱田龍臣,Directed
河西結心,伊勢鈴蘭,Directed
河西結心,八木栞,Directed
海乃美月,月城かなと,Directed
清原果耶,三浦春馬,Directed
清原果耶,倉科カナ,Directed
清原果耶,川口春奈,Directed
清原果耶,成田凌,Directed
清原果耶,新井浩文,Directed
清原果耶,有村架純,Directed
清原果耶,横浜流星,Directed
渡辺優奈,原菜乃華,Directed
渡辺優奈,日向未来,Directed
渡辺優奈,木内舞留,Directed
渡辺優奈,田牧そら,Directed
湯川玲菜 (女優),仲美海,Directed
濱岸ひより,小坂菜緒,Directed
瀧脇笙古,佐々木舞香,Directed
瀧脇笙古,矢吹奈子,Directed
瀬乃真帆子,実熊瑠琉,Directed
熊田聖亜,熊田胡々,Directed
熊田胡々,熊田聖亜,Directed
熊田胡々,里見浩太朗,Directed
片沼日奈子,ニシダ,Directed
珠城りょう,天海祐希,Directed
珠城りょう,明日海りお,Directed
瑚々,広橋佳苗,Directed
瑚々,竹内詩乃,Directed
瑚々,豊田ルナ,Directed
生見愛瑠,水上恒司,Directed
生見愛瑠,江口洋介,Directed
生見愛瑠,香音,Directed
生見愛瑠,鶴嶋乃愛,Directed
田中梨瑚,田中優樹,Directed
田中美久,山下幸輝 (俳優),Directed
田中美久,成宮寛貴,Directed
田中美久,本田仁美,Directed
田中美久,矢吹奈子,Directed
田口乙葉,山田杏奈,Directed
田口乙葉,林鼓子,Directed
田村芽実,門山葉子,Directed
田牧そら,奥森皐月,Directed
田牧そら,芦田愛菜,Directed
田牧そら,鈴木福,Directed
田鍋梨々花,吉田美月喜,Directed
甲田まひる,櫻井海音,Directed
畑芽育,山田杏奈,Directed
畠山紬,春名風花,Directed
當真あみ,中島セナ,Directed
當真あみ,長澤まさみ,Directed
眞嶋優,月野有菜,Directed
真木よう子,仲代達矢,Directed
真木よう子,新田真剣佑,Directed
真矢ミキ,大地真央,Directed
真矢ミキ,大浦みずき,Directed
真矢ミキ,安寿ミラ,Directed
真矢ミキ,毬藻えり,Directed
真矢ミキ,香寿たつき,Directed
瞳水ひまり,菅田将暉,Directed
矢吹奈子,田中美久,Directed
矢崎希菜,川口春奈,Directed
石川澪,宮下玲奈,Directed
石川澪,未歩なな,Directed
石川澪,香水じゅん,Directed
神谷侑理愛,浜田雅功,Directed
福井梨莉華,芦田愛菜,Directed
福田沙紀,八嶋智人,Directed
秋篠美帆,若葉ひろみ,Directed
稲垣来泉,稲垣芽生,Directed
稲垣来泉,蒔田彩珠,Directed
稲垣芽生,稲垣来泉,Directed
笹岡ひなり,芦田愛菜,Directed
篠原みなみ,伊織もえ,Directed
粟野咲莉,田中圭,Directed
縣千,月城かなと,Directed
縣千,轟悠,Directed
美村里江,伊藤英明,Directed
羽野晶紀,和泉元彌,Directed
羽野晶紀,山西惇,Directed
羽野晶紀,桑名正博,Directed
羽野晶紀,生瀬勝久,Directed
羽野晶紀,筧利夫,Directed
舞優,風優,Directed
芦田愛菜,バカリズム,Directed
芦田愛菜,山里亮太,Directed
芦田愛菜,西田敏行,Directed
芦田愛菜,鈴木福,Directed
芦田愛菜,香取慎吾,Directed
芦田愛菜,黒柳徹子,Directed
花瀬めぐみ,岩尾望,Directed
若葉ひろみ,箙かおる,Directed
茅島みずき,桜田ひより,Directed
茅島みずき,鈴木福,Directed
茅島みずき,齊藤なぎさ,Directed
莉子 (モデル),古田愛理,Directed
莉子 (モデル),香音,Directed
菊地姫奈,大槻理子,Directed
菊地姫奈,天野きき,Directed
菊池日菜子,柴咲コウ,Directed
菖蒲菜月,山本陽子,Directed
菖蒲菜月,真矢ミキ,Directed
華優希,明日海りお,Directed
華陽子,秋篠美帆,Directed
菱田未渚美,原田都愛,Directed
菱田未渚美,小田柚葉,Directed
菱田未渚美,山口綺羅,Directed
菱田未渚美,石井蘭,Directed
菱田未渚美,隅谷百花,Directed
葉月くれあ,一ノ瀬瑠菜,Directed
葉月くれあ,今森茉耶,Directed
葉月くれあ,吉井しえる,Directed
葉月くれあ,播磨かな,Directed
葉月くれあ,松田実桜,Directed
葉月くれあ,菊地姫奈,Directed
葵いぶき,未歩なな,Directed
蒔田彩珠,八木莉可子,Directed
蒔田彩珠,出口夏希,Directed
蒔田彩珠,南沙良,Directed
蒔田彩珠,桜田ひより,Directed
蒔田彩珠,清原果耶,Directed
蒼波純,黒柳徹子,Directed
蓬莱舞,エイミー (女優),Directed
蓬莱舞,山田杏奈,Directed
蓬莱舞,松島かのん,Directed
蓮つかさ,珠城りょう,Directed
蓮佛美沙子,三浦春馬,Directed
蓮佛美沙子,福田沙紀,Directed
藤咲碧羽,イーチ,Directed
藤咲碧羽,大悟 (お笑い芸人),Directed
藤咲碧羽,愛来,Directed
藤咲碧羽,鈴木萌花,Directed
藤本もあ菜,三宅りむ,Directed
藤本もあ菜,山戸穂乃葉,Directed
藤本沙羅,三浦理奈,Directed
藤水咲桜,ジョン・シナ,Directed
藤﨑ゆみあ,菅田将暉,Directed
角心菜,渡邉心結,Directed
谷口布実,谷口高史,Directed
谷花音,小林星蘭,Directed
谷花音,鈴木福,Directed
豊嶋花,伊礼姫奈,Directed
豊嶋花,天海祐希,Directed
豊嶋花,杏 (女優),Directed
豊嶋花,芦田愛菜,Directed
豊嶋花,長澤樹,Directed
豊嶋花,黒柳徹子,Directed
豊田ルナ,今森茉耶,Directed
豊田ルナ,和泉芳怜,Directed
豊田ルナ,沢口愛華,Directed
豊田ルナ,瑚々,Directed
豊田ルナ,菊地姫奈,Directed
近藤華,杏 (女優),Directed
近藤華,菅田将暉,Directed
野内まる,南沙良,Directed
鈴木梨央,芦田愛菜,Directed
鈴木萌花,小田垣陽菜,Directed
鈴木萌花,愛来,Directed
鈴木萌花,有安杏果,Directed
鎌田英怜奈,川﨑帆々花,Directed
長澤まさみ,オダギリジョー,Directed
長澤まさみ,仲野太賀,Directed
長澤まさみ,伊藤英明,Directed
長澤まさみ,夏帆,Directed
長澤まさみ,妻夫木聡,Directed
長澤まさみ,明石家さんま,Directed
長澤まさみ,柴咲コウ,Directed
長澤まさみ,永山瑛太,Directed
長澤まさみ,池松壮亮,Directed
長澤まさみ,竹内涼真,Directed
長澤まさみ,阿部サダヲ,Directed
長澤樹,豊嶋花,Directed
長見玲亜,三浦春馬,Directed
隅谷百花,原田都愛,Directed
隅谷百花,増田來亜,Directed
隅谷百花,小川桜花,Directed
隅谷百花,小田柚葉,Directed
隅谷百花,山口綺羅,Directed
隅谷百花,石井蘭,Directed
隅谷百花,菱田未渚美,Directed
隅谷百花,鶴屋美咲,Directed
青井乃乃,久間田琳加,Directed
青山菜花,鈴木萌花,Directed
風優,舞優,Directed
飯島直子,ユースケ・サンタマリア,Directed
飯島直子,草彅剛,Directed
飯沼愛,幸澤沙良,Directed
香寿たつき,大浦みずき,Directed
香寿たつき,安寿ミラ,Directed
香寿たつき,轟悠,Directed
香水じゅん,石川澪,Directed
香音,優香,Directed
香音,古田愛理,Directed
香音,川床明日香,Directed
香音,清原果耶,Directed
香音,生見愛瑠,Directed
香音,莉子 (モデル),Directed
高鶴桃羽,中村守里,Directed
高鶴桃羽,折田涼夏,Directed
髙松瞳,佐々木舞香,Directed
髙松瞳,瀧脇笙古,Directed
髙松瞳,齊藤なぎさ,Directed
髙橋ひかる,山之内すず,Directed
髙橋ひかる,山里亮太,Directed
髙橋ひかる,香取慎吾,Directed
髙石あかり,伊澤彩織,Directed
髙石あかり,妻夫木聡,Directed
髙石あかり,鈴川紗由,Directed
鶴屋美咲,増田來亜,Directed
鶴屋美咲,小川桜花,Directed
鶴屋美咲,小田柚葉,Directed
鶴屋美咲,山口綺羅,Directed
鶴屋美咲,隅谷百花,Directed
麻乃佳世,和央ようか,Directed
麻乃佳世,天海祐希,Directed
麻倉瑞季,三野宮鈴,Directed
麻倉瑞季,天野きき,Directed
麻倉瑞季,斉藤里奈 (2001年生),Directed
麻倉瑞季,沢口愛華,Directed
麻倉瑞季,瑚々,Directed
麻倉瑞季,藤本沙羅,Directed
黒柳徹子,北大路欣也,Directed
黒柳徹子,大野りりあな,Directed
黒柳徹子,明石家さんま,Directed
黒柳徹子,杉良太郎,Directed
黒柳徹子,江守徹,Directed
黒柳徹子,津川雅彦,Directed
黒柳徹子,美輪明宏,Directed
黒柳徹子,芦田愛菜,Directed
黒柳徹子,西田敏行,Directed
黒柳徹子,豊嶋花,Directed
黒澤美澪奈,坂東玉三郎 (5代目),Directed
齊藤なぎさ,あの,Directed
齊藤なぎさ,原菜乃華,Directed
齊藤なぎさ,櫻井海音,Directed
齊藤なぎさ,畑芽育,Directed
齊藤なぎさ,茅島みずき,Directed
齊藤なぎさ,長澤まさみ,Directed
齊藤なぎさ,髙松瞳,Directed
齋れいな,黒柳徹子,Directed
齋藤樹愛羅,佐々木舞香,Directed
齋藤樹愛羅,瀧脇笙古,Directed
齋藤樹愛羅,諸橋沙夏,Directed
齋藤樹愛羅,髙松瞳,Directed
齋藤樹愛羅,齊藤なぎさ,Directed
DAIGO,つるの剛士,Directed
DAIGO,明石家さんま,Directed
たなか (音楽家),草彅剛,Directed
たなか (音楽家),香取慎吾,Directed
みやたに,ビートたけし,Directed
みやたに,田中モエ,Directed
コウガシノブ,柴田恭兵,Directed
コウガシノブ,錦織純平,Directed
ズドン,東出有貴,Directed
パオロ (タレント),なかやまきんに君,Directed
パオロ (タレント),オダギリジョー,Directed
ヒロシ,美輪明宏,Directed
ヒロシ,芦田愛菜,Directed
ビートたけし,井手らっきょ,Directed
ビートたけし,志村けん,Directed
ビートたけし,明石家さんま,Directed
ビートたけし,松方弘樹,Directed
ビートたけし,飯尾和樹,Directed
ビートたけし,香取慎吾,Directed
ビートたけし,高倉健,Directed
マキタスポーツ,ビートたけし,Directed
マキタスポーツ,宮崎吐夢,Directed
丈 (俳優),藤田まこと,Directed
丈 (俳優),赤坂晃,Directed
三浦春馬,佐藤浩市,Directed
三浦春馬,大泉洋,Directed
三浦春馬,市原隼人,Directed
三浦春馬,有村架純,Directed
三浦春馬,鈴木亮平 (俳優),Directed
上杉祥三,デニス・クエイド,Directed
下村青,坂東玉三郎 (5代目),Directed
世良公則,つるの剛士,Directed
世良公則,佐藤浩市,Directed
世良公則,渡辺徹 (俳優),Directed
世良公則,神田正輝,Directed
中丸新将,田中邦衛,Directed
中村哲也 (俳優),浜田雅功,Directed
中野英雄,仲野太賀,Directed
中野英雄,小沢仁志,Directed
中野英雄,小沢和義,Directed
中野英雄,山根和馬,Directed
中野英雄,渡瀬恒彦,Directed
久保和明,手島実優,Directed
久保和明,磯村勇斗,Directed
井ノ原快彦,国分太一,Directed
井ノ原快彦,山口達也,Directed
井ノ原快彦,愛川欽也,Directed
井ノ原快彦,滝沢秀明,Directed
井ノ原快彦,香取慎吾,Directed
井手上漠,中島セナ,Directed
井手麻渡,仲代達矢,Directed
井手麻渡,吉川晃司,Directed
今村廣則,西郷輝彦,Directed
伊吹剛,北大路欣也,Directed
伊武雅刀,天本英世,Directed
伊武雅刀,黒柳徹子,Directed
伊藤英明,津川雅彦,Directed
伊藤英明,袴田吉彦,Directed
伊藤隆大,伊藤淳史,Directed
佐々木剛,宮内洋,Directed
佐々木剛,桜木健一,Directed
佐々木剛,若林豪,Directed
佐久田脩,サム・シェパード,Directed
佐久田脩,ジェイソン・ベイトマン,Directed
佐久田脩,ハンク・アザリア,Directed
佐久田脩,丈 (俳優),Directed
佐藤B作,内藤剛志,Directed
佐藤B作,大門正明,Directed
佐藤B作,松村雄基,Directed
佐藤B作,渡瀬恒彦,Directed
佐藤B作,辰巳琢郎,Directed
佐藤アツヒロ,中居正広,Directed
佐藤アツヒロ,内海光司,Directed
佐藤アツヒロ,堂本光一,Directed
佐藤アツヒロ,山口達也,Directed
佐藤アツヒロ,滝沢秀明,Directed
佐藤アツヒロ,赤坂晃,Directed
佐藤仁哉,北大路欣也,Directed
佐藤浩市,オダギリジョー,Directed
佐藤浩市,坂上忍,Directed
佐藤浩市,大泉洋,Directed
佐藤浩市,明石家さんま,Directed
佐藤浩市,横浜流星,Directed
佐藤浩市,江口洋介,Directed
倉田てつを,里見浩太朗,Directed
光嶌なづな,磯村勇斗,Directed
内海光司,佐藤アツヒロ,Directed
内海光司,赤坂晃,Directed
北大路欣也,トミー・リー・ジョーンズ,Directed
北大路欣也,仲代達矢,Directed
北大路欣也,佐藤B作,Directed
北大路欣也,八名信夫,Directed
北大路欣也,和泉元彌,Directed
北大路欣也,平幹二朗,Directed
北大路欣也,松方弘樹,Directed
北大路欣也,渡瀬恒彦,Directed
北大路欣也,田村正和,Directed
北大路欣也,菅原文太,Directed
北大路欣也,藤田まこと,Directed
北大路欣也,高倉健,Directed
南条弘二,松方弘樹,Directed
原田泰造,なだぎ武,Directed
原田龍二,三波豊和,Directed
原田龍二,上島竜兵,Directed
原田龍二,小沢仁志,Directed
原田龍二,本宮泰風,Directed
原田龍二,袴田吉彦,Directed
原田龍二,里見浩太朗,Directed
原田龍二,陣内孝則,Directed
古谷一行,田村正和,Directed
吉原拓弥,上地雄輔,Directed
吉川流光,藤公太,Directed
向井理,原田泰造,Directed
向井理,斎藤工,Directed
向井理,永山瑛太,Directed
向井理,石丸幹二,Directed
喜多村一朗,坂東玉三郎 (5代目),Directed
喜多村一朗,松田悟志,Directed
土屋嘉男,黒柳徹子,Directed
堀田眞三,安藤昇,Directed
堂本光一,中居正広,Directed
堂本光一,井ノ原快彦,Directed
堂本光一,東山紀之,Directed
堂本光一,植草克秀,Directed
堂本光一,滝沢秀明,Directed
堂本光一,赤坂晃,Directed
堂本光一,黒柳徹子,Directed
堤大二郎,GACKT,Directed
塚地武雅,今野浩喜,Directed
塚地武雅,原田泰造,Directed
塚地武雅,星田英利,Directed
塚地武雅,松崎しげる,Directed
塚地武雅,生瀬勝久,Directed
塚地武雅,稲垣吾郎,Directed
塚地武雅,香取慎吾,Directed
外山高士,ジョセフ・カンパネラ,Directed
外山高士,杉良太郎,Directed
外山高士,西郷輝彦,Directed
大久保浩,横澤丈二,Directed
大門正明,佐藤B作,Directed
奈良坂篤,菅原文太,Directed
宮内洋,佐々木剛,Directed
宮内洋,誠直也,Directed
宮崎吐夢,阿部サダヲ,Directed
宮崎敦吉,ウォーレス・ショーン,Directed
宮崎敦吉,エド・ベグリー・ジュニア,Directed
宮崎敦吉,ジェームズ・ベルーシ,Directed
宮崎敦吉,ジョン・ビリングズリー,Directed
宮崎敦吉,ディー・ブラッドリー・ベイカー,Directed
宮崎敦吉,トニー・アメンドーラ,Directed
宮崎敦吉,パトリック・ブリストー,Directed
宮崎敦吉,筒井康隆,Directed
宮迫博之,妻夫木聡,Directed
宮迫博之,山口智充,Directed
寺田心,なかやまきんに君,Directed
寺田心,西澤愛菜,Directed
小松政夫,前川清,Directed
小松政夫,志尊淳,Directed
山口智充,アーノルド・シュワルツェネッガー,Directed
山口智充,世良公則,Directed
山口智充,佐藤浩市,Directed
山口智充,吉川晃司,Directed
山口智充,宮迫博之,Directed
山口智充,山本耕史,Directed
山口智充,岸部四郎,Directed
山口智充,志村けん,Directed
山口智充,松方弘樹,Directed
山口智充,柳沢慎吾,Directed
山口智充,桑名正博,Directed
山口智充,田中邦衛,Directed
山口馬木也,藤田まこと,Directed
山本清 (俳優),北大路欣也,Directed
山本清 (俳優),松方弘樹,Directed
山根久幸,渡哲也,Directed
山田吾一,北大路欣也,Directed
山田吾一,宍戸錠,Directed
山西惇,明石家さんま,Directed
山西惇,生瀬勝久,Directed
山﨑賢人,川口春奈,Directed
山﨑賢人,菅田将暉,Directed
岩井克之,美輪明宏,Directed
岸部四郎,伊藤淳史,Directed
岸部四郎,杉良太郎,Directed
峰岸徹,古谷一行,Directed
峰岸徹,松平健,Directed
峰岸徹,河原崎建三,Directed
峰岸徹,浜田雅功,Directed
峰岸徹,神田正輝,Directed
川原正嗣,武田浩二,Directed
平岳大,平幹二朗,Directed
平幹二朗,仲代達矢,Directed
平幹二朗,北大路欣也,Directed
平幹二朗,和泉元彌,Directed
平幹二朗,寺尾聰,Directed
平幹二朗,平岳大,Directed
平幹二朗,本田博太郎,Directed
広井雄士,塩田一期,Directed
弘田たかゆき,横澤丈二,Directed
志波景介,白石優愛,Directed
新田純一,松崎しげる,Directed
新田純一,松平健,Directed
新田純一,里見浩太朗,Directed
日向亘,井本彩花,Directed
日向亘,有村架純,Directed
明星圭太,安藤勇雅,Directed
明星圭太,岩井克之,Directed
明星圭太,河合拳士朗,Directed
時代吉二郎,GACKT,Directed
時代吉二郎,北大路欣也,Directed
時代吉二郎,杉良太郎,Directed
時代吉二郎,松方弘樹,Directed
時代吉二郎,田中邦衛,Directed
時代吉二郎,田村正和,Directed
時代吉二郎,西郷輝彦,Directed
時代吉二郎,里見浩太朗,Directed
木村彰吾,美輪明宏,Directed
木村祐一,ビートたけし,Directed
木村祐一,妻夫木聡,Directed
木村祐一,明石家さんま,Directed
木村祐一,板尾創路,Directed
木村祐一,浜田雅功,Directed
木村祐一,西郷輝彦,Directed
本木雅弘,薬丸裕英,Directed
杉良太郎,山本譲二,Directed
杢代和人,並木彩華,Directed
東山紀之,井ノ原快彦,Directed
東山紀之,国分太一,Directed
東山紀之,堂本光一,Directed
東山紀之,松方弘樹,Directed
東山紀之,植草克秀,Directed
東山紀之,緒形拳,Directed
東山紀之,薬丸裕英,Directed
東山紀之,遠藤憲一,Directed
東山紀之,錦織一清,Directed
松田悟志,坂東玉三郎 (5代目),Directed
松田悟志,火口秀幸,Directed
松田悟志,石井一孝,Directed
松田悟志,高岩成二,Directed
松田翔太,松田龍平,Directed
松田龍平,大泉洋,Directed
松田龍平,広末涼子,Directed
松田龍平,新井浩文,Directed
松田龍平,松田翔太,Directed
松田龍平,永山瑛太,Directed
柳沢慎吾,中居正広,Directed
柳沢慎吾,原田泰造,Directed
柳沢慎吾,明石家さんま,Directed
柳沢慎吾,松方弘樹,Directed
柳沢慎吾,稲垣吾郎,Directed
柳沢慎吾,舘ひろし,Directed
柳沢慎吾,菅原文太,Directed
柳沢慎吾,飯島直子,Directed
柴俊夫,渡哲也,Directed
柴田恭兵,内藤剛志,Directed
柴田恭兵,舘ひろし,Directed
桑名正博,内藤剛志,Directed
桑名正博,大地真央,Directed
桑名正博,渋谷天外 (3代目),Directed
桑名正博,美勇士,Directed
桑名正博,羽野晶紀,Directed
桑名正博,陣内孝則,Directed
梅沢富美男,ちあきなおみ,Directed
梅沢富美男,オダギリジョー,Directed
梅沢富美男,前川清,Directed
梅沢富美男,横尾渉,Directed
梅沢富美男,浜田雅功,Directed
梅沢富美男,芦田愛菜,Directed
梅沢富美男,黒柳徹子,Directed
梶原善,本木雅弘,Directed
梶原善,松重豊,Directed
森川正太,松平健,Directed
森章二,アール・ボーエン,Directed
森章二,杉良太郎,Directed
植草克秀,東山紀之,Directed
植草克秀,錦織一清,Directed
横瀬智也,やすきひろこ,Directed
櫻井海音,出口夏希,Directed
櫻井海音,甲田まひる,Directed
武田浩二,川原正嗣,Directed
水上保広,田村正和,Directed
水上保広,田村高廣,Directed
水上恒司,なかやまきんに君,Directed
水上恒司,南沙良,Directed
水上恒司,生見愛瑠,Directed
水上恒司,阿部サダヲ,Directed
江口洋介,佐藤浩市,Directed
江口洋介,生見愛瑠,Directed
池部良,里見浩太朗,Directed
池部良,高倉健,Directed
河原さぶ,オダギリジョー,Directed
河原崎建三,北大路欣也,Directed
河合拳士朗,安藤勇雅,Directed
河合拳士朗,岩井克之,Directed
河合拳士朗,明星圭太,Directed
津川雅彦,緒形拳,Directed
浅野拓武,横澤丈二,Directed
浮谷泰史,ズドン,Directed
浮谷泰史,萩原成哉,Directed
渡辺徹 (俳優),世良公則,Directed
渡辺徹 (俳優),志村けん,Directed
渡辺裕之,スティーヴン・バウアー,Directed
湯江タケユキ,勇直子,Directed
湯江タケユキ,吉川晃司,Directed
湯江タケユキ,大鶴義丹,Directed
湯江タケユキ,峰さを理,Directed
湯江タケユキ,柳沢慎吾,Directed
湯江タケユキ,金山一彦,Directed
溝田繁,北大路欣也,Directed
火口秀幸,ビートたけし,Directed
火口秀幸,松田悟志,Directed
熊倉一雄,アンソニー・ホプキンス,Directed
熊倉一雄,フィリップ・ボスコ,Directed
片桐仁,角田晃広,Directed
片桐竜次,渡瀬恒彦,Directed
牧野裕夢,村田凪,Directed
玉山鉄二,優香,Directed
玉山鉄二,明石家さんま,Directed
玉山鉄二,福士蒼汰,Directed
玉山鉄二,鈴木亮平 (俳優),Directed
田中優樹,田中梨瑚,Directed
田中明夫,セオドア・ビケル,Directed
田中明夫,里見浩太朗,Directed
田中邦衛,ビートたけし,Directed
田中邦衛,吉岡秀隆,Directed
田中邦衛,高倉健,Directed
田村正和,ピーター・フォーク,Directed
田村正和,北大路欣也,Directed
田村正和,水上保広,Directed
田村正和,津川雅彦,Directed
田村正和,田村高廣,Directed
田村正和,竹脇無我,Directed
田村正和,黒柳徹子,Directed
田村高廣,水上保広,Directed
田村高廣,田村正和,Directed
白石康介,中島拓人,Directed
目黒祐樹,松方弘樹,Directed
石井一孝,朝海ひかる,Directed
石井一孝,松田悟志,Directed
磯村勇斗,有村架純,Directed
磯村勇斗,竹内涼真,Directed
磯村勇斗,菅田将暉,Directed
磯部勉,アル・パチーノ,Directed
磯部勉,アレック・ボールドウィン,Directed
磯部勉,ジェフ・ブリッジス,Directed
磯部勉,チャック・ノリス,Directed
磯部勉,ティム・アレン,Directed
磯部勉,デニス・クエイド,Directed
磯部勉,トム・ベレンジャー,Directed
磯部勉,パワーズ・ブース,Directed
磯部勉,ビリー・ボブ・ソーントン,Directed
神尾楓珠,山之内すず,Directed
神尾楓珠,平手友梨奈,Directed
神尾楓珠,桜田ひより,Directed
神尾楓珠,森七菜,Directed
神尾楓珠,矢吹奈子,Directed
神尾楓珠,藤森慎吾,Directed
神尾楓珠,飯尾和樹,Directed
福士誠治,斎藤工,Directed
立川三貴,F・マーリー・エイブラハム,Directed
立川三貴,ウィレム・デフォー,Directed
立川三貴,ジョナサン・バンクス,Directed
立川三貴,ジョン・ビーズリー (俳優),Directed
立川三貴,トレイシー・レッツ,Directed
立川三貴,ハンク・アザリア,Directed
立川三貴,北大路欣也,Directed
立花裕大,陣内孝則,Directed
竹内力,世良公則,Directed
竹内力,山口祥行,Directed
竹内力,志村けん,Directed
筒井康隆,仲代達矢,Directed
筒井康隆,佐藤B作,Directed
筒井康隆,天海祐希,Directed
筒井康隆,筒井道隆,Directed
筒井康隆,香取慎吾,Directed
美勇士,桑名正博,Directed
羽山誓,前川清,Directed
羽山誓,玉山鉄二,Directed
羽山誓,陣内孝則,Directed
羽山誓,黒柳徹子,Directed
船越英二,船越英一郎,Directed
若林豪,渡哲也,Directed
菅原文太,ビートたけし,Directed
菅原文太,八名信夫,Directed
菅原文太,安藤昇,Directed
菅原文太,志村けん,Directed
菅原文太,愛川欽也,Directed
菅原文太,明石家さんま,Directed
菅原文太,松方弘樹,Directed
菅原文太,筒井康隆,Directed
菅原文太,誠直也,Directed
菅原文太,高倉健,Directed
蒼井嵐樹,奥村等士,Directed
藤公太,吉川流光,Directed
藤木孝,杉良太郎,Directed
藤木孝,渡瀬恒彦,Directed
藤木孝,鹿内孝,Directed
西川きよし,小松政夫,Directed
西川きよし,板尾創路,Directed
西川きよし,浜田雅功,Directed
西川きよし,生瀬勝久,Directed
西川きよし,藤田まこと,Directed
西川きよし,西川忠志,Directed
西川忠志,明石家さんま,Directed
西川忠志,西川きよし,Directed
西沢利明,クリス・クリストファーソン,Directed
西沢利明,ジェームズ・ブローリン,Directed
西沢利明,神田正輝,Directed
西畑大吾,杏 (女優),Directed
西郷輝彦,いしだあゆみ,Directed
角田晃広,夏帆,Directed
角田晃広,明石家さんま,Directed
角田晃広,松田翔太,Directed
角田晃広,香取慎吾,Directed
誠直也,宮内洋,Directed
誠直也,睦五朗,Directed
谷口高史,谷口布実,Directed
越山敬達,長谷川純,Directed
遠藤憲一,GACKT,Directed
遠藤憲一,上地雄輔,Directed
遠藤憲一,仲代達矢,Directed
遠藤憲一,坂口憲二,Directed
遠藤憲一,松重豊,Directed
遠藤憲一,菅田将暉,Directed
金児憲史,徳重聡,Directed
金児憲史,渡哲也,Directed
金児憲史,舘ひろし,Directed
金山一彦,吉川晃司,Directed
金山一彦,坂上忍,Directed
金山一彦,大鶴義丹,Directed
露口祐斗,東出有貴,Directed
風間健,筒井道隆,Directed
高岩成二,GACKT,Directed
高岩成二,東山紀之,Directed
高岩成二,松平健,Directed
高岩成二,永井大,Directed
高岩成二,須賀貴匡,Directed
高島忠夫,宮城まり子,Directed
高島忠夫,松方弘樹,Directed
高橋元太郎,竹脇無我,Directed
高橋改,越山敬達,Directed
高橋長英,北大路欣也,Directed
高英男,美輪明宏,Directed
鵜飼主水,萩原成哉,Directed
鷲生功,松村雄基,Directed
ジョイス・デウィット,ジェフ・ブリッジス,Directed
G・W・ベイリー,チャック・ノリス,Directed
アジズ・アンサリ,ジャド・アパトー,Directed
アダム・ボールドウィン,アレック・ボールドウィン,Directed
アッシャー・エンジェル,ザッカリー・リーヴァイ,Directed
アラン・アルダ,ウディ・アレン,Directed
アラン・アーキン,ピーター・フォーク,Directed
アルバート・ブルックス,ウディ・アレン,Directed
アル・パチーノ,アレック・ボールドウィン,Directed
アル・パチーノ,ウォーレン・ベイティ,Directed
アル・パチーノ,磯部勉,Directed
アレック・ボールドウィン,ウィリアム・ボールドウィン,Directed
アレック・ボールドウィン,スティーヴン・ボールドウィン,Directed
アレック・ボールドウィン,磯部勉,Directed
アンソニー・ホプキンス,田口計,Directed
アンソニー・ラモス,河合郁人,Directed
アンディ・バーマン,ウディ・アレン,Directed
アーノルド・シュワルツェネッガー,シルヴェスター・スタローン,Directed
アール・ボーエン,アーノルド・シュワルツェネッガー,Directed
アーロン・ムーアヘッド,ジャスティン・ベンソン,Directed
イザイア・ウィットロック・Jr,ウディ・アレン,Directed
ウィリアム・ボールドウィン,アレック・ボールドウィン,Directed
ウィリアム・ボールドウィン,スティーヴン・ボールドウィン,Directed
ウィレム・デフォー,ウェズリー・スナイプス,Directed
ウィレム・デフォー,トビー・マグワイア,Directed
ウィレム・デフォー,磯部勉,Directed
ウィレム・デフォー,立川三貴,Directed
ウィレム・デフォー,苅谷俊介,Directed
ウォーレス・ショーン,ウディ・アレン,Directed
エムジェイ・アンソニー,アレック・ボールドウィン,Directed
キャメロン・ボイス,カラン・ブラル,Directed
クリストファー・ダニエル・バーンズ,ジェフ・ベネット,Directed
クリス・エヴァンス,鈴木亮平 (俳優),Directed
クリス・ブロシュー,ダグ・ブロシュー,Directed
クーパー・ホフマン,サム・シェパード,Directed
ケヴィン・ベーコン,柴田恭兵,Directed
コール・スプラウス,ディラン・スプラウス,Directed
ザッカリー・リーヴァイ,菅田将暉,Directed
ザック・ブラフ,ウディ・アレン,Directed
ザンダー・バークレー,古澤融,Directed
ショーン・アスティン,ジョン・アスティン,Directed
シルヴェスター・スタローン,アーノルド・シュワルツェネッガー,Directed
シルヴェスター・スタローン,ウェズリー・スナイプス,Directed
シルヴェスター・スタローン,ウディ・アレン,Directed
シルヴェスター・スタローン,カート・ラッセル,Directed
シルヴェスター・スタローン,チャック・ノリス,Directed
シルヴェスター・スタローン,デイヴ・バウティスタ,Directed
シルヴェスター・スタローン,角田信朗,Directed
ジェイソン・ベイトマン,佐久田脩,Directed
ジェフ・ブリッジス,津川雅彦,Directed
ジェフ・ブリッジス,磯部勉,Directed
ジェレミー・ストロング,宮崎敦吉,Directed
ジェームズ・フランコ,デイヴ・フランコ,Directed
ジェームズ・ブローリン,ジョシュ・ブローリン,Directed
ジェームズ・ベルーシ,ダン・エイクロイド,Directed
ジャスティン・ベンソン,アーロン・ムーアヘッド,Directed
ジャック・ブラック,山口智充,Directed
ジョシュ・ブローリン,ジェームズ・ブローリン,Directed
ジョナサン・メジャース,チャドウィック・ボーズマン,Directed
ジョニー・シモンズ (俳優),ジェイク・T・オースティン,Directed
ジョニー・ヨング・ボッシュ,福士蒼汰,Directed
ジョニー・ヨング・ボッシュ,須賀貴匡,Directed
ジョン・アスティン,ショーン・アスティン,Directed
ジョー・ドン・ベイカー,ピアース・ブロスナン,Directed
スティーヴン・バウアー,アル・パチーノ,Directed
スティーヴン・ブルーム,竹内力,Directed
スティーヴン・ボールドウィン,アレック・ボールドウィン,Directed
スティーヴン・ボールドウィン,ウィリアム・ボールドウィン,Directed
タイソン・ベックフォード,50セント,Directed
ダグ・ブロシュー,クリス・ブロシュー,Directed
ダニー・アイエロ,ウディ・アレン,Directed
ダレン・バーネット,ケイリー＝ヒロユキ・タガワ,Directed
チャック・ノリス,アレック・ボールドウィン,Directed
チャック・ノリス,アーノルド・シュワルツェネッガー,Directed
チャック・ノリス,ウェズリー・スナイプス,Directed
チャック・ノリス,ウディ・アレン,Directed
チャック・ノリス,シルヴェスター・スタローン,Directed
チャック・ノリス,ジェイソン・ビッグス,Directed
ティム・アレン,磯部勉,Directed
ディラン・スプラウス,コール・スプラウス,Directed
デイヴィッド・ヘンリー・ウォン,サム・シェパード,Directed
デイヴ・バウティスタ,ジョン・シナ,Directed
デイヴ・バウティスタ,國村隼,Directed
デイヴ・フランコ,ジェームズ・フランコ,Directed
デニス・クエイド,上杉祥三,Directed
デニス・クエイド,磯部勉,Directed
トビー・マグワイア,ウィレム・デフォー,Directed
トビー・マグワイア,ウェズリー・スナイプス,Directed
トミー・リー・ジョーンズ,中田浩二 (俳優),Directed
ビリー・ボブ・ソーントン,磯部勉,Directed
ピアース・ブロスナン,磯部勉,Directed
ピーター・フォーク,田村正和,Directed
ピーター・ボイル,アレック・ボールドウィン,Directed
ピーター・ボイル,サム・シェパード,Directed
ピーター・ボイル,トミー・リー・ジョーンズ,Directed
ピーター・ボイル,ビリー・ボブ・ソーントン,Directed
フィリップ・ボスコ,ウディ・アレン,Directed
