Id,Label
一谷勇一郎,一谷勇一郎
三ッ林裕巳,三ッ林裕巳
三原朝利,三原朝利
三反園訓,三反園訓
三木圭恵,三木圭恵
三谷英弘,三谷英弘
上原正裕,上原正裕
上川陽子,上川陽子
上杉謙太郎,上杉謙太郎
上田英俊,上田英俊
上野宏史,上野宏史
上野賢一郎,上野賢一郎
下村博文,下村博文
世古万美子,世古万美子
世耕弘成,世耕弘成
中司宏,中司宏
中山展宏,中山展宏
中山泰秀,中山泰秀
中川宏昌,中川宏昌
中川康洋,中川康洋
中川紘一,中川紘一
中川貴元,中川貴元
中曽根康隆,中曽根康隆
中村勇太 (政治家),中村勇太 (政治家)
中村裕之,中村裕之
中根一幸,中根一幸
中田宏,中田宏
中西健治,中西健治
中谷めぐみ,中谷めぐみ
中谷元,中谷元
中谷真一,中谷真一
中野洋昌,中野洋昌
中野英幸,中野英幸
丸尾南都子,丸尾南都子
丸川珠代,丸川珠代
丸田康一郎,丸田康一郎
丹羽秀樹,丹羽秀樹
丹野みどり,丹野みどり
五十嵐清 (政治家),五十嵐清 (政治家)
井上信治,井上信治
井上英孝,井上英孝
井上貴博 (政治家),井上貴博 (政治家)
井出庸生,井出庸生
井原巧,井原巧
井原隆,井原隆
井戸正枝,井戸正枝
井林辰憲,井林辰憲
井野俊郎,井野俊郎
仁木博文,仁木博文
今岡植,今岡植
今枝宗一郎,今枝宗一郎
今洋佑,今洋佑
伊佐進一,伊佐進一
伊東信久,伊東信久
伊東良孝,伊東良孝
伊藤信太郎,伊藤信太郎
伊藤忠彦,伊藤忠彦
伊藤恵介,伊藤恵介
伊藤聡 (政治家),伊藤聡 (政治家)
伊藤達也,伊藤達也
住吉寛紀,住吉寛紀
佐々木真琴,佐々木真琴
佐々木紀,佐々木紀
佐藤主迪,佐藤主迪
佐藤英道,佐藤英道
保岡宏武,保岡宏武
俵田祐児,俵田祐児
内山航,内山航
冨樫博之,冨樫博之
前原誠司,前原誠司
前川恵,前川恵
加藤勝信,加藤勝信
加藤大博,加藤大博
加藤竜祥,加藤竜祥
加藤貴弘,加藤貴弘
加藤鮎子,加藤鮎子
勝俣孝明,勝俣孝明
勝目康,勝目康
北神圭朗,北神圭朗
原山大亮,原山大亮
原田直樹 (政治家),原田直樹 (政治家)
古井康介,古井康介
古屋圭司,古屋圭司
古川あおい,古川あおい
古川元久,古川元久
古川康,古川康
古川直季,古川直季
古川禎久,古川禎久
古賀篤,古賀篤
吉川里奈,吉川里奈
吉村悠,吉村悠
吉田宣弘,吉田宣弘
吉田有理,吉田有理
吉田真次,吉田真次
向山好一,向山好一
向山淳,向山淳
和田政宗,和田政宗
和田義明,和田義明
喜多義典,喜多義典
国光文乃,国光文乃
国定勇人,国定勇人
國場幸之助,國場幸之助
國重徹,國重徹
園崎弘道,園崎弘道
土井亨,土井亨
土屋品子,土屋品子
土橋章宏,土橋章宏
土田慎,土田慎
坂井学,坂井学
坂本哲志,坂本哲志
坂本竜太郎,坂本竜太郎
城内実,城内実
堀内詔子,堀内詔子
塩崎彰久,塩崎彰久
塩川鉄也,塩川鉄也
大串正樹,大串正樹
大塚拓,大塚拓
大岡敏孝,大岡敏孝
大島敦,大島敦
大森江里子,大森江里子
大空幸星,大空幸星
大西洋平 (政治家),大西洋平 (政治家)
大野敬太郎,大野敬太郎
奥下剛光,奥下剛光
宇佐美登,宇佐美登
安藤高夫,安藤高夫
宗清皇一,宗清皇一
宮下一郎,宮下一郎
宮内秀樹,宮内秀樹
宮崎政久,宮崎政久
宮路拓馬,宮路拓馬
寺田稔,寺田稔
小寺裕雄,小寺裕雄
小川淳也,小川淳也
小林修平,小林修平
小林史明,小林史明
小林茂樹,小林茂樹
小林鷹之,小林鷹之
小森卓郎,小森卓郎
小池正昭,小池正昭
小泉進次郎,小泉進次郎
小泉龍司,小泉龍司
小渕優子,小渕優子
小田原潔,小田原潔
小竹凱,小竹凱
小里泰弘,小里泰弘
小野寺五典,小野寺五典
尾花瑛仁,尾花瑛仁
尾身朝子,尾身朝子
尾﨑正直,尾﨑正直
山下史守朗,山下史守朗
山下貴司,山下貴司
山口俊一,山口俊一
山口壯,山口壯
山口晋 (政治家),山口晋 (政治家)
山岡達丸,山岡達丸
山崎正恭,山崎正恭
山本大地,山本大地
山本左近,山本左近
山本深,山本深
山本裕三,山本裕三
山本譲司,山本譲司
山本香苗,山本香苗
山田基靖,山田基靖
山田瑛理,山田瑛理
山田美樹,山田美樹
山田賢司,山田賢司
山際大志郎,山際大志郎
岡本三成,岡本三成
岡本康宏,岡本康宏
岡野純子,岡野純子
岩屋毅,岩屋毅
岩崎比菜,岩崎比菜
岩田和親,岩田和親
岩谷良平,岩谷良平
岸信千世,岸信千世
岸田文雄,岸田文雄
峰島侑也,峰島侑也
島尻安伊子,島尻安伊子
島村薫,島村薫
島田智明,島田智明
川崎秀人,川崎秀人
川松真一朗,川松真一朗
川裕一郎,川裕一郎
工藤彰三,工藤彰三
工藤聖子,工藤聖子
市村浩一郎,市村浩一郎
平井卓也,平井卓也
平口洋,平口洋
平将明,平将明
平林晃,平林晃
平沢勝栄,平沢勝栄
平沼正二郎,平沼正二郎
広瀬建,広瀬建
庄子賢一,庄子賢一
後藤祐一,後藤祐一
後藤茂之,後藤茂之
御法川信英,御法川信英
文月涼,文月涼
斉木武志,斉木武志
斉藤里恵,斉藤里恵
斉藤鉄夫,斉藤鉄夫
斎藤アレックス,斎藤アレックス
斎藤洋明,斎藤洋明
新田章文,新田章文
新藤義孝,新藤義孝
新谷正義,新谷正義
日野紗里亜,日野紗里亜
早稲田夕季,早稲田夕季
星野剛士,星野剛士
有田芳生,有田芳生
木下敏之,木下敏之
木原稔,木原稔
木原誠二,木原誠二
木村次郎,木村次郎
本田太郎,本田太郎
村上智信,村上智信
村上誠一郎,村上誠一郎
村井英樹,村井英樹
村岡敏英,村岡敏英
村木汀,村木汀
東国幹,東国幹
東徹 (政治家),東徹 (政治家)
東田淳平,東田淳平
松下英樹,松下英樹
松島みどり,松島みどり
松本尚,松本尚
松本泉,松本泉
松本洋平,松本洋平
松野博一,松野博一
林拓海,林拓海
林芳正,林芳正
柏倉祐司,柏倉祐司
柴山昌彦,柴山昌彦
栗原渉,栗原渉
根本幸典,根本幸典
根本拓,根本拓
梅村聡,梅村聡
梶山弘志,梶山弘志
棚橋泰文,棚橋泰文
森下千里,森下千里
森原紀代子,森原紀代子
森山裕,森山裕
森洋介 (政治家),森洋介 (政治家)
森英介,森英介
横田光弘,横田光弘
橋本岳,橋本岳
橋本幹彦,橋本幹彦
橘慶一郎,橘慶一郎
武井俊輔,武井俊輔
武村展英,武村展英
武田良太,武田良太
武藤かず子,武藤かず子
武藤容治,武藤容治
武部新,武部新
水野良彦,水野良彦
永岡桂子,永岡桂子
永田磨梨奈,永田磨梨奈
江渡聡徳,江渡聡徳
江藤拓,江藤拓
池下卓,池下卓
池畑浩太朗,池畑浩太朗
河井昭成,河井昭成
河合道雄,河合道雄
河村たかし,河村たかし
河西宏一,河西宏一
河野太郎,河野太郎
河野正美,河野正美
河野義博 (政治家),河野義博 (政治家)
沼崎満子,沼崎満子
泉健太,泉健太
津島淳,津島淳
浅田ますみ,浅田ますみ
浅野哲,浅野哲
浜田靖一,浜田靖一
浦野靖人,浦野靖人
浮島とも子,浮島とも子
深作ヘスス,深作ヘスス
深澤陽一,深澤陽一
渡嘉敷奈緒美,渡嘉敷奈緒美
渡海紀三朗,渡海紀三朗
渡辺創,渡辺創
渡辺勝幸,渡辺勝幸
渡辺博道,渡辺博道
渡辺孝一,渡辺孝一
渡辺藍理,渡辺藍理
渡邊真太朗,渡邊真太朗
漆間譲司,漆間譲司
濱地雅一,濱地雅一
瀬戸隆一,瀬戸隆一
熊田裕通,熊田裕通
牧島かれん,牧島かれん
牧野俊一,牧野俊一
犬飼明佳,犬飼明佳
玉木雄一郎,玉木雄一郎
田中健 (政治家),田中健 (政治家)
田中和徳,田中和徳
田中昌史,田中昌史
田中良生,田中良生
田宮寿人,田宮寿人
田嶋要,田嶋要
田所嘉徳,田所嘉徳
田村憲久,田村憲久
田村智子,田村智子
田畑裕明,田畑裕明
田野瀬太道,田野瀬太道
畑野君枝,畑野君枝
畦元将吾,畦元将吾
白坂亜紀,白坂亜紀
盛山正仁,盛山正仁
石井啓一,石井啓一
石井拓,石井拓
石原宏高,石原宏高
石原正敬,石原正敬
石坂太,石坂太
石川勝,石川勝
石川昭政,石川昭政
石橋林太郎,石橋林太郎
石田真敏,石田真敏
石破茂,石破茂
神田潤一,神田潤一
神谷裕,神谷裕
福原淳嗣,福原淳嗣
福田かおる,福田かおる
福田徹,福田徹
福田達夫,福田達夫
福重隆浩,福重隆浩
秋葉賢也,秋葉賢也
稲田朋美,稲田朋美
稲葉大輔,稲葉大輔
穂坂泰,穂坂泰
笠浩史,笠浩史
笹川博義,笹川博義
簗和生,簗和生
米内紘正,米内紘正
細田健一,細田健一
細野豪志,細野豪志
緒方林太郎,緒方林太郎
繁本護,繁本護
美延映夫,美延映夫
臼木秀剛,臼木秀剛
船田元,船田元
若宮健嗣,若宮健嗣
若山慎司,若山慎司
若林健太,若林健太
若狹清史,若狹清史
英利アルフィヤ,英利アルフィヤ
茂木敏充,茂木敏充
草間剛,草間剛
菅原一秀,菅原一秀
菅家一郎,菅家一郎
菊田真紀子,菊田真紀子
萩原佳,萩原佳
萩生田光一,萩生田光一
落合貴之,落合貴之
葉梨康弘,葉梨康弘
藤丸敏,藤丸敏
藤井比早之,藤井比早之
藤原崇,藤原崇
藤澤忠盛,藤澤忠盛
藤田ひかる,藤田ひかる
藤田文武,藤田文武
藤田洋司,藤田洋司
藤田誠 (政治家),藤田誠 (政治家)
衛藤博昭,衛藤博昭
西園勝秀,西園勝秀
西山尚利,西山尚利
西岡秀子,西岡秀子
西岡義高,西岡義高
西村康稔,西村康稔
西村明宏,西村明宏
西村智奈美,西村智奈美
西條昌良,西條昌良
西田昭二,西田昭二
西田薫,西田薫
西野太亮,西野太亮
西銘恒三郎,西銘恒三郎
角田秀穂,角田秀穂
許斐亮太郎,許斐亮太郎
谷公一,谷公一
谷川とむ,谷川とむ
谷浩一郎,谷浩一郎
豊田真由子,豊田真由子
赤沢亮正,赤沢亮正
赤羽一嘉,赤羽一嘉
赤間二郎,赤間二郎
輿水恵一,輿水恵一
辰巳孝太郎,辰巳孝太郎
辻清人,辻清人
辻由布子,辻由布子
辻秀樹,辻秀樹
近藤和也,近藤和也
近藤雅彦,近藤雅彦
逢沢一郎,逢沢一郎
遠藤寛明,遠藤寛明
遠藤敬,遠藤敬
重徳和彦,重徳和彦
野中厚,野中厚
野村美穂,野村美穂
野田佳彦,野田佳彦
野田聖子,野田聖子
野間健,野間健
金城泰邦,金城泰邦
金子容三,金子容三
金子恭之,金子恭之
金子恵美 (1965年生の政治家),金子恵美 (1965年生の政治家)
金村龍那,金村龍那
金澤結衣,金澤結衣
鈴木俊一 (衆議院議員),鈴木俊一 (衆議院議員)
鈴木憲和,鈴木憲和
鈴木拓海,鈴木拓海
鈴木淳司,鈴木淳司
鈴木美香 (政治家),鈴木美香 (政治家)
鈴木義弘,鈴木義弘
鈴木英敬,鈴木英敬
鈴木貴子 (政治家),鈴木貴子 (政治家)
鈴木隼人 (政治家),鈴木隼人 (政治家)
鈴木馨祐,鈴木馨祐
鍋島勢理,鍋島勢理
長友慎治,長友慎治
長坂康正,長坂康正
長妻昭,長妻昭
長島昭久,長島昭久
長沢興祐,長沢興祐
長田紘一郎,長田紘一郎
長谷川淳二,長谷川淳二
長野春信,長野春信
門寛子,門寛子
門山宏哲,門山宏哲
関健一郎,関健一郎
関芳弘,関芳弘
阿部俊子,阿部俊子
阿部司,阿部司
阿部圭史,阿部圭史
阿部弘樹,阿部弘樹
階猛,階猛
青山周平 (政治家),青山周平 (政治家)
青山繁晴,青山繁晴
青木ひとみ,青木ひとみ
青柳仁士,青柳仁士
須田英太郎,須田英太郎
額賀福志郎,額賀福志郎
飯泉嘉門,飯泉嘉門
馬場伸幸,馬場伸幸
高山聡史,高山聡史
高市早苗,高市早苗
高木啓,高木啓
高木宏壽,高木宏壽
高村正大,高村正大
高沢一基,高沢一基
高見亮,高見亮
高見康裕,高見康裕
高鳥修一,高鳥修一
高麗啓一郎,高麗啓一郎
髙橋祐介,髙橋祐介
髙階恵美子,髙階恵美子
鬼木誠 (1972年生の政治家),鬼木誠 (1972年生の政治家)
鳩山二郎,鳩山二郎
鷲尾英一郎,鷲尾英一郎
鹿嶋祐介,鹿嶋祐介
麻生太郎,麻生太郎
黄川田仁志,黄川田仁志
黒崎祐一,黒崎祐一
黒田征樹,黒田征樹
齋藤健,齋藤健
